PassengerId,Survived,Pclass,Name,SibSp,Parch,Ticket,Cabin,Age_scaled,Fare_scaled,Sex_female,Sex_male,Embarked_C,Embarked_Q,Embarked_S,Embarked_nan
1,0,3,"Braund, Mr. Owen Harris",1,0,A/5 21171,,-0.5303766406838785,-0.5024451714361923,0.0,1.0,0.0,0.0,1.0,0.0
2,1,1,"Cumings, Mrs. John Bradley (Florence Briggs Thayer)",1,0,PC 17599,C85,0.571830994003175,0.7868452935884461,1.0,0.0,1.0,0.0,0.0,0.0
3,1,3,"Heikkinen, Miss. Laina",0,0,STON/O2. 3101282,,-0.25482473201211503,-0.4888542575852486,1.0,0.0,0.0,0.0,1.0,0.0
4,1,1,"Futrelle, Mrs. Jacques Heath (Lily May Peel)",1,0,113803,C123,0.36516706249935255,0.4207302360686478,1.0,0.0,0.0,0.0,1.0,0.0
5,0,3,"Allen, Mr. William Henry",0,0,373450,,0.36516706249935255,-0.4863374216869257,0.0,1.0,0.0,0.0,1.0,0.0
6,0,3,"Moran, Mr. James",0,0,330877,,,-0.47811642890864375,0.0,1.0,0.0,1.0,0.0,0.0
7,0,1,"McCarthy, Mr. Timothy J",0,0,17463,E46,1.6740386286902287,0.395813560675251,0.0,1.0,0.0,0.0,1.0,0.0
8,0,3,"Palsson, Master. Gosta Leonard",3,1,349909,,-1.9081361840426954,-0.22408312108167944,0.0,1.0,0.0,0.0,1.0,0.0
9,1,3,"Johnson, Mrs. Oscar W (Elisabeth Vilhelmina Berg)",0,2,347742,,-0.1859367548441742,-0.4242561406845337,1.0,0.0,0.0,0.0,1.0,0.0
10,1,2,"Nasser, Mrs. Nicholas (Adele Achem)",1,0,237736,,-1.0814804580274051,-0.04295550208861426,1.0,0.0,1.0,0.0,0.0,0.0
11,1,3,"Sandstrom, Miss. Marguerite Rut",1,1,PP 9549,G6,-1.7703602297068137,-0.312172377522981,1.0,0.0,0.0,0.0,1.0,0.0
12,1,1,"Bonnell, Miss. Elizabeth",0,0,113783,C103,1.949590537361992,-0.11384570873513637,1.0,0.0,0.0,0.0,1.0,0.0
13,0,3,"Saundercock, Mr. William Henry",0,0,A/5. 2151,,-0.6681525950197601,-0.4863374216869257,0.0,1.0,0.0,0.0,1.0,0.0
14,0,3,"Andersson, Mr. Anders Johan",1,5,347082,,0.6407189711711159,-0.01870931177853076,0.0,1.0,0.0,0.0,1.0,0.0
15,0,3,"Vestrom, Miss. Hulda Amanda Adolfina",0,0,350406,,-1.0814804580274051,-0.4902797934380587,1.0,0.0,0.0,0.0,1.0,0.0
16,1,2,"Hewlett, Mrs. (Mary D Kingcome) ",0,0,248706,,1.7429266058581694,-0.3262666585535892,1.0,0.0,0.0,0.0,1.0,0.0
17,0,3,"Rice, Master. Eugene",4,1,382652,,-1.9081361840426954,-0.06199888922968463,0.0,1.0,0.0,1.0,0.0,0.0
18,1,2,"Williams, Mr. Charles Eugene",0,0,244373,,,-0.3866707201133388,0.0,1.0,0.0,0.0,1.0,0.0
19,0,3,"Vander Planke, Mrs. Julius (Emelia Maria Vandemoortele)",1,0,345763,,0.08961515382758917,-0.2859972841804228,1.0,0.0,0.0,0.0,1.0,0.0
20,1,3,"Masselmani, Mrs. Fatima",0,0,2649,,,-0.5029485386158568,1.0,0.0,1.0,0.0,0.0,0.0
21,0,2,"Fynney, Mr. Joseph J",0,0,239865,,0.36516706249935255,-0.12491978668775715,0.0,1.0,0.0,0.0,1.0,0.0
22,1,2,"Beesley, Mr. Lawrence",0,0,248698,D56,0.2962790853314117,-0.3866707201133388,0.0,1.0,0.0,0.0,1.0,0.0
23,1,3,"McGowan, Miss. Anna ""Annie""",0,0,330923,,-1.0125924808594644,-0.4867562231804066,1.0,0.0,0.0,1.0,0.0,0.0
24,1,1,"Sloper, Mr. William Thompson",0,0,113788,A6,-0.11704877767623337,0.06635974158478332,0.0,1.0,0.0,0.0,1.0,0.0
25,0,3,"Palsson, Miss. Torborg Danira",3,1,349909,,-1.4948083210350502,-0.22408312108167944,1.0,0.0,0.0,0.0,1.0,0.0
26,1,3,"Asplund, Mrs. Carl Oscar (Selma Augusta Emilia Johansson)",1,5,347077,,0.571830994003175,-0.016444159470040135,1.0,0.0,0.0,0.0,1.0,0.0
27,0,3,"Emir, Mr. Farred Chehab",0,0,2631,,,-0.5029485386158568,0.0,1.0,1.0,0.0,0.0,0.0
28,0,1,"Fortune, Mr. Charles Alexander",3,2,19950,C23 C25 C27,-0.7370405721877009,4.647001076532463,0.0,1.0,0.0,0.0,1.0,0.0
29,1,3,"O'Dwyer, Miss. Ellen ""Nellie""",0,0,330959,,,-0.48977642625839407,1.0,0.0,0.0,1.0,0.0,0.0
30,0,3,"Todoroff, Mr. Lalio",0,0,349216,,,-0.4894421904510968,0.0,1.0,0.0,0.0,1.0,0.0
31,0,1,"Uruchurtu, Don. Manuel E",0,0,PC 17601,,0.7096069483390568,-0.09027201697708476,0.0,1.0,1.0,0.0,0.0,0.0
32,1,1,"Spencer, Mrs. William Augustus (Marie Eugenie)",1,0,PC 17569,B78,,2.301728820789,1.0,0.0,1.0,0.0,0.0,0.0
33,1,3,"Glynn, Miss. Mary Agatha",0,0,335677,,,-0.49237782784290063,1.0,0.0,0.0,1.0,0.0,0.0
34,0,2,"Wheadon, Mr. Edward H",0,0,C.A. 24579,,2.500694354705519,-0.43700743807979686,0.0,1.0,0.0,0.0,1.0,0.0
35,0,1,"Meyer, Mr. Edgar Joseph",1,0,PC 17604,,-0.11704877767623337,1.0060617003323709,0.0,1.0,1.0,0.0,0.0,0.0
36,0,1,"Holverson, Mr. Alexander Oskar",1,0,113789,,0.8473829026749384,0.39858208016340624,0.0,1.0,0.0,0.0,1.0,0.0
37,1,3,"Mamee, Mr. Hanna",0,0,2677,,,-0.5028639729296732,0.0,1.0,1.0,0.0,0.0,0.0
38,0,3,"Cann, Mr. Ernest Charles",0,0,A./5. 2152,,-0.5992646178518193,-0.4863374216869257,0.0,1.0,0.0,0.0,1.0,0.0
39,0,3,"Vander Planke, Miss. Augusta Maria",2,0,345764,,-0.8059285493556418,-0.2859972841804228,1.0,0.0,0.0,0.0,1.0,0.0
40,1,3,"Nicola-Yarred, Miss. Jamila",1,0,2651,,-1.0814804580274051,-0.42207354059350805,1.0,0.0,1.0,0.0,0.0,0.0
41,0,3,"Ahlin, Mrs. Johan (Johanna Persdotter Larsson)",1,0,7546,,0.7096069483390568,-0.4576454924460446,1.0,0.0,0.0,0.0,1.0,0.0
42,0,2,"Turpin, Mrs. William John Robert (Dorothy Ann Wonnacott)",1,0,11668,,-0.1859367548441742,-0.22559322262067316,1.0,0.0,0.0,0.0,1.0,0.0
43,0,3,"Kraeff, Mr. Theodor",0,0,349253,,,-0.4894421904510968,0.0,1.0,1.0,0.0,0.0,0.0
44,1,2,"Laroche, Miss. Simonne Marie Anne Andree",1,2,SC/Paris 2123,,-1.8392482068747544,0.18876253192945994,1.0,0.0,1.0,0.0,0.0,0.0
45,1,3,"Devaney, Miss. Margaret Delia",0,0,330958,,-0.7370405721877009,-0.48977642625839407,1.0,0.0,0.0,1.0,0.0,0.0
46,0,3,"Rogers, Mr. William John",0,0,S.C./A.4. 23567,,,-0.4863374216869257,0.0,1.0,0.0,0.0,1.0,0.0
47,0,3,"Lennon, Mr. Denis",1,0,370371,,,-0.3363340021468808,0.0,1.0,0.0,1.0,0.0,0.0
48,1,3,"O'Driscoll, Miss. Bridget",0,0,14311,,,-0.49237782784290063,1.0,0.0,0.0,1.0,0.0,0.0
49,0,3,"Samaan, Mr. Youssef",2,0,2662,,,-0.21191774308354583,0.0,1.0,1.0,0.0,0.0,0.0
50,0,3,"Arnold-Franchi, Mrs. Josef (Josefine Franchi)",1,0,349237,,-0.8059285493556418,-0.29002422161773944,1.0,0.0,0.0,0.0,1.0,0.0
51,0,3,"Panula, Master. Juha Niilo",4,1,3101295,,-1.5636962982029912,0.1506737441786005,0.0,1.0,0.0,0.0,1.0,0.0
52,0,3,"Nosworthy, Mr. Richard Cater",0,0,A/4. 39886,,-0.5992646178518193,-0.4913710934835715,0.0,1.0,0.0,0.0,1.0,0.0
53,1,1,"Harper, Mrs. Henry Sleeper (Myna Haxtun)",1,0,PC 17572,D33,1.3295987428505243,0.8964967865378598,1.0,0.0,1.0,0.0,0.0,0.0
54,1,2,"Faunthorpe, Mrs. Lizzie (Elizabeth Anne Wilkinson)",1,0,2926,,-0.04816080050829252,-0.12491978668775715,1.0,0.0,0.0,0.0,1.0,0.0
55,0,1,"Ostby, Mr. Engelhart Cornelius",0,1,113509,B30,2.431806377537578,0.5995101505357573,0.0,1.0,1.0,0.0,0.0,0.0
56,1,1,"Woolner, Mr. Hugh",0,0,19947,C52,,0.06635974158478332,0.0,1.0,0.0,0.0,1.0,0.0
57,1,2,"Rugg, Miss. Emily",0,0,C.A. 31026,,-0.5992646178518193,-0.43700743807979686,1.0,0.0,0.0,0.0,1.0,0.0
58,0,3,"Novel, Mr. Mansouer",0,0,2697,,-0.08260478909226295,-0.5028639729296732,0.0,1.0,1.0,0.0,0.0,0.0
59,1,2,"West, Miss. Constance Mirium",1,2,C.A. 34651,,-1.7014722525388728,-0.08968408411123653,1.0,0.0,0.0,0.0,1.0,0.0
60,0,3,"Goodwin, Master. William Frederick",5,2,CA 2144,,-1.2881443895312277,0.2958951755118318,0.0,1.0,0.0,0.0,1.0,0.0
61,0,3,"Sirayanian, Mr. Orsen",0,0,2669,,-0.5303766406838785,-0.5028639729296732,0.0,1.0,1.0,0.0,0.0,0.0
62,1,1,"Icard, Miss. Amelie",0,0,113572,B28,0.571830994003175,0.962353321387736,1.0,0.0,0.0,0.0,0.0,1.0
63,0,1,"Harris, Mr. Henry Birkhardt",1,0,36973,C83,1.054046834178761,1.0323213593611125,0.0,1.0,0.0,0.0,1.0,0.0
64,0,3,"Skoog, Master. Harald",3,2,347088,,-1.7703602297068137,-0.08666388103324908,0.0,1.0,0.0,0.0,1.0,0.0
65,0,1,"Stewart, Mr. Albert A",0,0,PC 17605,,,-0.09027201697708476,0.0,1.0,1.0,0.0,0.0,0.0
66,1,3,"Moubarek, Master. Gerios",1,1,2661,,,-0.3414522396297103,0.0,1.0,1.0,0.0,0.0,0.0
67,1,2,"Nye, Mrs. (Elizabeth Ramell)",0,0,C.A. 29395,F33,-0.04816080050829252,-0.43700743807979686,1.0,0.0,0.0,0.0,1.0,0.0
68,0,3,"Crease, Mr. Ernest James",0,0,S.P. 3464,,-0.7370405721877009,-0.4841568350646187,0.0,1.0,0.0,0.0,1.0,0.0
69,1,3,"Andersson, Miss. Erna Alexandra",4,2,3101281,,-0.8748165265235827,-0.4888542575852486,1.0,0.0,0.0,0.0,1.0,0.0
70,0,3,"Kink, Mr. Vincenz",2,0,315151,,-0.25482473201211503,-0.47400492578514347,0.0,1.0,0.0,0.0,1.0,0.0
71,0,2,"Jenkin, Mr. Stephen Curnow",0,0,C.A. 33111,,0.15850313099553,-0.43700743807979686,0.0,1.0,0.0,0.0,1.0,0.0
72,0,3,"Goodwin, Miss. Lillian Amy",5,2,CA 2144,,-0.9437045036915235,0.2958951755118318,1.0,0.0,0.0,0.0,1.0,0.0
73,0,2,"Hood, Mr. Ambrose Jr",0,0,S.O.C. 14879,,-0.5992646178518193,0.8314778546749452,0.0,1.0,0.0,0.0,1.0,0.0
74,0,3,"Chronopoulos, Mr. Apostolos",1,0,2680,,-0.25482473201211503,-0.3573908580066095,0.0,1.0,1.0,0.0,0.0,0.0
75,1,3,"Bing, Mr. Lee",0,0,1601,,0.15850313099553,0.48910360681684706,0.0,1.0,0.0,0.0,1.0,0.0
76,0,3,"Moen, Mr. Sigurd Hansen",0,0,348123,F G73,-0.3237127091800559,-0.494391296561559,0.0,1.0,0.0,0.0,1.0,0.0
77,0,3,"Staneff, Mr. Ivan",0,0,349208,,,-0.4894421904510968,0.0,1.0,0.0,0.0,1.0,0.0
78,0,3,"Moutal, Mr. Rahamin Haim",0,0,374746,,,-0.4863374216869257,0.0,1.0,0.0,0.0,1.0,0.0
79,1,2,"Caldwell, Master. Alden Gates",0,2,248738,,-1.9887351173291863,-0.06451572512800753,0.0,1.0,0.0,0.0,1.0,0.0
80,1,3,"Dowdell, Miss. Elizabeth",0,0,364516,,0.020727176659648322,-0.397241430886295,1.0,0.0,0.0,0.0,1.0,0.0
81,0,3,"Waelens, Mr. Achille",0,0,345767,,-0.5303766406838785,-0.46720946885967163,0.0,1.0,0.0,0.0,1.0,0.0
82,1,3,"Sheerlinck, Mr. Jan Baptist",0,0,345779,,-0.04816080050829252,-0.45714212526638004,0.0,1.0,0.0,0.0,1.0,0.0
83,1,3,"McDermott, Miss. Brigdet Delia",0,0,330932,,,-0.49162277707340374,1.0,0.0,0.0,1.0,0.0,0.0
84,0,1,"Carrau, Mr. Francisco M",0,0,113059,,-0.11704877767623337,0.29992211294914856,0.0,1.0,0.0,0.0,1.0,0.0
85,1,2,"Ilett, Miss. Bertha",0,0,SO/C 14885,,-0.8748165265235827,-0.43700743807979686,1.0,0.0,0.0,0.0,1.0,0.0
86,1,3,"Backstrom, Mrs. Karl Alfred (Maria Mathilda Gustafsson)",3,0,3101278,,0.22739110816347086,-0.32928686163157667,1.0,0.0,0.0,0.0,1.0,0.0
87,0,3,"Ford, Mr. William Neal",1,3,W./C. 6608,,-0.9437045036915235,0.04370821849987721,0.0,1.0,0.0,0.0,1.0,0.0
88,0,3,"Slocovski, Mr. Selman Francis",0,0,SOTON/OQ 392086,,,-0.4863374216869257,0.0,1.0,0.0,0.0,1.0,0.0
89,1,1,"Fortune, Miss. Mabel Helen",3,2,19950,C23 C25 C27,-0.4614886635159376,4.647001076532463,1.0,0.0,0.0,0.0,1.0,0.0
90,0,3,"Celotti, Mr. Francesco",0,0,343275,,-0.3926006863479967,-0.4863374216869257,0.0,1.0,0.0,0.0,1.0,0.0
91,0,3,"Christmann, Mr. Emil",0,0,343276,,-0.04816080050829252,-0.4863374216869257,0.0,1.0,0.0,0.0,1.0,0.0
92,0,3,"Andreasson, Mr. Paul Edvin",0,0,347466,,-0.6681525950197601,-0.4902797934380587,0.0,1.0,0.0,0.0,1.0,0.0
93,0,1,"Chaffee, Mr. Herbert Fuller",1,0,W.E.P. 5734,E31,1.122934811346702,0.5833178351003071,0.0,1.0,0.0,0.0,1.0,0.0
94,0,3,"Dean, Mr. Bertram Frank",1,2,C.A. 2315,,-0.25482473201211503,-0.23415046467497105,0.0,1.0,0.0,0.0,1.0,0.0
95,0,3,"Coxon, Mr. Daniel",0,0,364500,,2.018478514529933,-0.5024451714361923,0.0,1.0,0.0,0.0,1.0,0.0
96,0,3,"Shorney, Mr. Charles Joseph",0,0,374910,,,-0.4863374216869257,0.0,1.0,0.0,0.0,1.0,0.0
97,0,1,"Goldschmidt, Mr. George B",0,0,PC 17754,A5,2.845134240545223,0.0493298231623713,0.0,1.0,1.0,0.0,0.0,0.0
98,1,1,"Greenfield, Mr. William Bertram",0,1,PC 17759,D10 D12,-0.4614886635159376,0.6272778976347743,0.0,1.0,1.0,0.0,0.0,0.0
99,1,2,"Doling, Mrs. John T (Ada Julia Bone)",0,1,231919,,0.2962790853314117,-0.18532384824750675,1.0,0.0,0.0,0.0,1.0,0.0
100,0,2,"Kantor, Mr. Sinai",1,0,244367,,0.2962790853314117,-0.12491978668775715,0.0,1.0,0.0,0.0,1.0,0.0
101,0,3,"Petranec, Miss. Matilda",0,0,349245,,-0.11704877767623337,-0.4894421904510968,1.0,0.0,0.0,0.0,1.0,0.0
102,0,3,"Petroff, Mr. Pastcho (""Pentcho"")",0,0,349215,,,-0.4894421904510968,0.0,1.0,0.0,0.0,1.0,0.0
103,0,1,"White, Mr. Richard Frasar",0,1,35281,D26,-0.5992646178518193,0.907737982394129,0.0,1.0,0.0,0.0,1.0,0.0
104,0,3,"Johansson, Mr. Gustaf Joel",0,0,7540,,0.22739110816347086,-0.4741720436887921,0.0,1.0,0.0,0.0,1.0,0.0
105,0,3,"Gustafsson, Mr. Anders Vilhelm",2,0,3101276,,0.5029430168352342,-0.4888542575852486,0.0,1.0,0.0,0.0,1.0,0.0
106,0,3,"Mionoff, Mr. Stoytcho",0,0,349207,,-0.11704877767623337,-0.4894421904510968,0.0,1.0,0.0,0.0,1.0,0.0
107,1,3,"Salkjelsvik, Miss. Anna Kristine",0,0,343120,,-0.5992646178518193,-0.494391296561559,1.0,0.0,0.0,0.0,1.0,0.0
108,1,3,"Moss, Mr. Albert Johan",0,0,312991,,,-0.4918744606632361,0.0,1.0,0.0,0.0,1.0,0.0
109,0,3,"Rekic, Mr. Tido",0,0,349249,,0.571830994003175,-0.4894421904510968,0.0,1.0,0.0,0.0,1.0,0.0
110,1,3,"Moran, Miss. Bertha",1,0,371110,,,-0.1621689579829361,1.0,0.0,0.0,1.0,0.0,0.0
111,0,1,"Porter, Mr. Walter Chamberlain",0,0,110465,C110,1.1918227885146426,0.39858208016340624,0.0,1.0,0.0,0.0,1.0,0.0
112,0,3,"Zabour, Miss. Hileni",1,0,2665,,-1.0470364694434349,-0.3573908580066095,1.0,0.0,1.0,0.0,0.0,0.0
113,0,3,"Barton, Mr. David John",0,0,324669,,-0.5303766406838785,-0.4863374216869257,0.0,1.0,0.0,0.0,1.0,0.0
114,0,3,"Jussila, Miss. Katriina",1,0,4136,,-0.6681525950197601,-0.4505983519307405,1.0,0.0,0.0,0.0,1.0,0.0
115,0,3,"Attalah, Miss. Malake",0,0,2627,,-0.8748165265235827,-0.3573083057891445,1.0,0.0,1.0,0.0,0.0,0.0
116,0,3,"Pekoniemi, Mr. Edvard",0,0,STON/O 2. 3101294,,-0.5992646178518193,-0.4888542575852486,0.0,1.0,0.0,0.0,1.0,0.0
117,0,3,"Connors, Mr. Patrick",0,0,370369,,2.8106902519612524,-0.49237782784290063,0.0,1.0,0.0,1.0,0.0,0.0
118,0,2,"Turpin, Mr. William John Robert",1,0,11668,,-0.04816080050829252,-0.22559322262067316,0.0,1.0,0.0,0.0,1.0,0.0
119,0,1,"Baxter, Mr. Quigg Edmond",0,1,PC 17558,B58 B60,-0.3926006863479967,4.335332226633905,0.0,1.0,1.0,0.0,0.0,0.0
120,0,3,"Andersson, Miss. Ellis Anna Maria",4,2,347082,,-1.9081361840426954,-0.01870931177853076,1.0,0.0,0.0,0.0,1.0,0.0
121,0,2,"Hickman, Mr. Stanley George",2,0,S.O.C. 14879,,-0.5992646178518193,0.8314778546749452,0.0,1.0,0.0,0.0,1.0,0.0
122,0,3,"Moore, Mr. Leonard Charles",0,0,A4. 54510,,,-0.4863374216869257,0.0,1.0,0.0,0.0,1.0,0.0
123,0,2,"Nasser, Mr. Nicholas",1,0,237736,,0.19294711957950042,-0.04295550208861426,0.0,1.0,1.0,0.0,0.0,0.0
124,1,2,"Webber, Miss. Susan",0,0,27267,E101,0.19294711957950042,-0.3866707201133388,1.0,0.0,0.0,0.0,1.0,0.0
125,0,1,"White, Mr. Percival Wayland",0,1,35281,D26,1.6740386286902287,0.907737982394129,0.0,1.0,0.0,0.0,1.0,0.0
126,1,3,"Nicola-Yarred, Master. Elias",1,0,2651,,-1.219256412363287,-0.42207354059350805,0.0,1.0,1.0,0.0,0.0,0.0
127,0,3,"McMahon, Mr. Martin",0,0,370372,,,-0.49237782784290063,0.0,1.0,0.0,1.0,0.0,0.0
128,1,3,"Madsen, Mr. Fridtjof Arne",0,0,C 17369,,-0.3926006863479967,-0.5046257580584992,0.0,1.0,0.0,0.0,1.0,0.0
129,1,3,"Peter, Miss. Anna",1,1,2668,F E69,,-0.19824427701513722,1.0,0.0,1.0,0.0,0.0,0.0
130,0,3,"Ekstrom, Mr. Johan",0,0,347061,,1.054046834178761,-0.5079822104125026,0.0,1.0,0.0,0.0,1.0,0.0
131,0,3,"Drazenoic, Mr. Jozef",0,0,349241,,0.22739110816347086,-0.4894421904510968,0.0,1.0,1.0,0.0,0.0,0.0
132,0,3,"Coelho, Mr. Domingos Fernandeo",0,0,SOTON/O.Q. 3101307,,-0.6681525950197601,-0.5064721088735089,0.0,1.0,0.0,0.0,1.0,0.0
133,0,3,"Robins, Mrs. Alexander A (Grace Charity Laury)",1,0,A/5. 3337,,1.1918227885146426,-0.35646868933346404,1.0,0.0,0.0,0.0,1.0,0.0
134,1,2,"Weisz, Mrs. Leopold (Mathilde Francoise Pede)",1,0,228414,,-0.04816080050829252,-0.12491978668775715,1.0,0.0,0.0,0.0,1.0,0.0
135,0,2,"Sobey, Mr. Samuel James Hayden",0,0,C.A. 29178,,-0.3237127091800559,-0.3866707201133388,0.0,1.0,0.0,0.0,1.0,0.0
136,0,2,"Richard, Mr. Emile",0,0,SC/PARIS 2133,,-0.4614886635159376,-0.3454791770670269,0.0,1.0,1.0,0.0,0.0,0.0
137,1,1,"Newsom, Miss. Helen Monypeny",0,2,11752,D47,-0.7370405721877009,-0.11921562980779811,1.0,0.0,0.0,0.0,1.0,0.0
138,0,1,"Futrelle, Mr. Jacques Heath",1,0,113803,C123,0.5029430168352342,0.4207302360686478,0.0,1.0,0.0,0.0,1.0,0.0
139,0,3,"Osen, Mr. Olaf Elon",0,0,7534,,-0.9437045036915235,-0.4628462821463391,0.0,1.0,0.0,0.0,1.0,0.0
140,0,1,"Giglio, Mr. Victor",0,0,PC 17593,B86,-0.3926006863479967,0.9462455716384695,0.0,1.0,1.0,0.0,0.0,0.0
141,0,3,"Boulos, Mrs. Joseph (Sultana)",0,2,2678,,,-0.3414522396297103,1.0,0.0,1.0,0.0,0.0,0.0
142,1,3,"Nysten, Miss. Anna Sofia",0,0,347081,,-0.5303766406838785,-0.49237782784290063,1.0,0.0,0.0,0.0,1.0,0.0
143,1,3,"Hakkarainen, Mrs. Pekka Pietari (Elin Matilda Dolck)",1,0,STON/O2. 3101279,,-0.3926006863479967,-0.32928686163157667,1.0,0.0,0.0,0.0,1.0,0.0
144,0,3,"Burke, Mr. Jeremiah",0,0,365222,,-0.7370405721877009,-0.5125125150294839,0.0,1.0,0.0,1.0,0.0,0.0
145,0,2,"Andrew, Mr. Edgardo Samuel",0,0,231945,,-0.8059285493556418,-0.41687275089321363,0.0,1.0,0.0,0.0,1.0,0.0
146,0,2,"Nicholls, Mr. Joseph Charles",1,1,C.A. 33112,,-0.7370405721877009,0.09152810056801232,0.0,1.0,0.0,0.0,1.0,0.0
147,1,3,"Andersson, Mr. August Edvard (""Wennerstrom"")",0,0,350043,,-0.1859367548441742,-0.49145565916975514,0.0,1.0,0.0,0.0,1.0,0.0
148,0,3,"Ford, Miss. Robina Maggie ""Ruby""",2,2,W./C. 6608,,-1.4259203438671093,0.04370821849987721,1.0,0.0,0.0,0.0,1.0,0.0
149,0,2,"Navratil, Mr. Michel (""Louis M Hoffman"")",0,2,230080,F2,0.4684990282512638,-0.12491978668775715,0.0,1.0,0.0,0.0,1.0,0.0
150,0,2,"Byles, Rev. Thomas Roussel Davids",0,0,244310,,0.8473829026749384,-0.3866707201133388,0.0,1.0,0.0,0.0,1.0,0.0
151,0,2,"Bateman, Rev. Robert James",0,0,S.O.P. 1166,,1.4673746971864061,-0.39623469652696586,0.0,1.0,0.0,0.0,1.0,0.0
152,1,1,"Pears, Mrs. Thomas (Edith Wearne)",1,0,113776,C2,-0.5303766406838785,0.6925485130875209,1.0,0.0,0.0,0.0,1.0,0.0
153,0,3,"Meo, Mr. Alfonzo",0,0,A.5. 11206,,1.7773705944421399,-0.4863374216869257,0.0,1.0,0.0,0.0,1.0,0.0
154,0,3,"van Billiard, Mr. Austin Blyler",0,2,A/5. 851,,0.7440509369230272,-0.35646868933346404,0.0,1.0,0.0,0.0,1.0,0.0
155,0,3,"Olsen, Mr. Ole Martin",0,0,Fa 265302,,,-0.5011867534870308,0.0,1.0,0.0,0.0,1.0,0.0
156,0,1,"Williams, Mr. Charles Duane",0,1,PC 17597,,1.4673746971864061,0.5874293382238074,0.0,1.0,1.0,0.0,0.0,0.0
157,1,3,"Gilnagh, Miss. Katherine ""Katie""",0,0,35851,,-0.9437045036915235,-0.49271407711891657,1.0,0.0,0.0,1.0,0.0,0.0
158,0,3,"Corn, Mr. Harry",0,0,SOTON/OQ 392090,,0.020727176659648322,-0.4863374216869257,0.0,1.0,0.0,0.0,1.0,0.0
159,0,3,"Smiljanic, Mr. Mile",0,0,315037,,,-0.47400492578514347,0.0,1.0,0.0,0.0,1.0,0.0
160,0,3,"Sage, Master. Thomas Henry",8,2,CA. 2343,,,0.7519458402879414,0.0,1.0,0.0,0.0,1.0,0.0
161,0,3,"Cribb, Mr. John Hatfield",0,1,371362,,0.9851588570108202,-0.32425318983493084,0.0,1.0,0.0,0.0,1.0,0.0
162,1,2,"Watt, Mrs. James (Elizabeth ""Bessie"" Inglis Milne)",0,0,C.A. 33595,,0.7096069483390568,-0.331300330350235,1.0,0.0,0.0,0.0,1.0,0.0
163,0,3,"Bengtsson, Mr. John Viktor",0,0,347068,,-0.25482473201211503,-0.4918744606632361,0.0,1.0,0.0,0.0,1.0,0.0
164,0,3,"Calic, Mr. Jovo",0,0,315093,,-0.8748165265235827,-0.47400492578514347,0.0,1.0,0.0,0.0,1.0,0.0
165,0,3,"Panula, Master. Eino Viljami",4,1,3101295,,-1.977024161210636,0.1506737441786005,0.0,1.0,0.0,0.0,1.0,0.0
166,1,3,"Goldsmith, Master. Frank John William ""Frankie""",0,2,363291,,-1.4259203438671093,-0.2351571990343002,0.0,1.0,0.0,0.0,1.0,0.0
167,1,1,"Chibnall, Mrs. (Edith Martha Bowerman)",0,1,113505,E33,,0.4589861417231558,1.0,0.0,0.0,0.0,1.0,0.0
168,0,3,"Skoog, Mrs. William (Anna Bernhardina Karlsson)",1,4,347088,,1.054046834178761,-0.08666388103324908,1.0,0.0,0.0,0.0,1.0,0.0
169,0,1,"Baumann, Mr. John D",0,0,PC 17318,,,-0.12642988822675086,0.0,1.0,0.0,0.0,1.0,0.0
170,0,3,"Ling, Mr. Lee",0,0,1601,,-0.11704877767623337,0.48910360681684706,0.0,1.0,0.0,0.0,1.0,0.0
171,0,1,"Van der hoef, Mr. Wyckoff",0,0,111240,B19,2.1562544688658143,0.026090367211616904,0.0,1.0,0.0,0.0,1.0,0.0
172,0,3,"Rice, Master. Arthur",4,1,382652,,-1.7703602297068137,-0.06199888922968463,0.0,1.0,0.0,1.0,0.0,0.0
173,1,3,"Johnson, Miss. Eleanor Ileen",1,1,347742,,-1.977024161210636,-0.4242561406845337,1.0,0.0,0.0,0.0,1.0,0.0
174,0,3,"Sivola, Mr. Antti Wilhelm",0,0,STON/O 2. 3101280,,-0.5992646178518193,-0.4888542575852486,0.0,1.0,0.0,0.0,1.0,0.0
175,0,1,"Smith, Mr. James Clinch",0,0,17764,A7,1.8118145830261103,-0.030371322596999754,0.0,1.0,1.0,0.0,0.0,0.0
176,0,3,"Klasen, Mr. Klas Albin",1,1,350404,,-0.8059285493556418,-0.4902797934380587,0.0,1.0,0.0,0.0,1.0,0.0
177,0,3,"Lefebre, Master. Henry Forbes",3,1,4133,,,-0.13565761536436197,0.0,1.0,0.0,0.0,1.0,0.0
178,0,1,"Isham, Miss. Ann Elizabeth",0,0,PC 17595,C49,1.3984867200184652,-0.07030444769415023,1.0,0.0,1.0,0.0,0.0,0.0
179,0,2,"Hale, Mr. Reginald",0,0,250653,,0.020727176659648322,-0.3866707201133388,0.0,1.0,0.0,0.0,1.0,0.0
180,0,3,"Leonard, Mr. Lionel",0,0,LINE,,0.43405503966729336,-0.6484216535389205,0.0,1.0,0.0,0.0,1.0,0.0
181,0,3,"Sage, Miss. Constance Gladys",8,2,CA. 2343,,,0.7519458402879414,1.0,0.0,0.0,0.0,1.0,0.0
182,0,2,"Pernot, Mr. Rene",0,0,SC/PARIS 2131,,,-0.34539461138084326,0.0,1.0,1.0,0.0,0.0,0.0
183,0,3,"Asplund, Master. Clarence Gustaf Hugo",4,2,347077,,-1.4259203438671093,-0.016444159470040135,0.0,1.0,0.0,0.0,1.0,0.0
184,1,2,"Becker, Master. Richard F",2,1,230136,F4,-1.977024161210636,0.13683114673782454,0.0,1.0,0.0,0.0,1.0,0.0
185,1,3,"Kink-Heilmann, Miss. Luise Gretchen",0,2,315153,,-1.7703602297068137,-0.20495516825442542,1.0,0.0,0.0,0.0,1.0,0.0
186,0,1,"Rood, Mr. Hugh Roscoe",0,0,113767,A32,,0.3583127057902398,0.0,1.0,0.0,0.0,1.0,0.0
187,1,3,"O'Brien, Mrs. Thomas (Johanna ""Hannah"" Godfrey)",1,0,370365,,,-0.3363340021468808,1.0,0.0,0.0,1.0,0.0,0.0
188,1,1,"Romaine, Mr. Charles Hallace (""Mr C Rolmane"")",0,0,111428,,1.054046834178761,-0.11384570873513637,0.0,1.0,0.0,0.0,1.0,0.0
189,0,3,"Bourke, Mr. John",1,1,364849,,0.7096069483390568,-0.3363340021468808,0.0,1.0,0.0,1.0,0.0,0.0
190,0,3,"Turcin, Mr. Stjepan",0,0,349247,,0.43405503966729336,-0.4894421904510968,0.0,1.0,0.0,0.0,1.0,0.0
191,1,2,"Pinsky, Mrs. (Rosa)",0,0,234604,,0.15850313099553,-0.3866707201133388,1.0,0.0,0.0,0.0,1.0,0.0
192,0,2,"Carbines, Mr. William",0,0,28424,,-0.7370405721877009,-0.3866707201133388,0.0,1.0,0.0,0.0,1.0,0.0
193,1,3,"Andersen-Jensen, Miss. Carla Christine Nielsine",1,0,350046,,-0.7370405721877009,-0.4902797934380587,1.0,0.0,0.0,0.0,1.0,0.0
194,1,2,"Navratil, Master. Michel M",1,1,230080,F2,-1.8392482068747544,-0.12491978668775715,0.0,1.0,0.0,0.0,1.0,0.0
195,1,1,"Brown, Mrs. James Joseph (Margaret Tobin)",0,0,PC 17610,B4,0.9851588570108202,-0.09027201697708476,1.0,0.0,1.0,0.0,0.0,0.0
196,1,1,"Lurette, Miss. Elise",0,0,PC 17569,B80,1.949590537361992,2.301728820789,1.0,0.0,1.0,0.0,0.0,0.0
197,0,3,"Mernagh, Mr. Robert",0,0,368703,,,-0.49237782784290063,0.0,1.0,0.0,1.0,0.0,0.0
198,0,3,"Olsen, Mr. Karl Siegwart Andreas",0,1,4579,,0.8473829026749384,-0.47920571548543794,0.0,1.0,0.0,0.0,1.0,0.0
199,1,3,"Madigan, Miss. Margaret ""Maggie""",0,0,370370,,,-0.49237782784290063,1.0,0.0,0.0,1.0,0.0,0.0
200,0,2,"Yrois, Miss. Henriette (""Mrs Harbeck"")",0,0,248747,,-0.3926006863479967,-0.3866707201133388,1.0,0.0,0.0,0.0,1.0,0.0
201,0,3,"Vande Walle, Mr. Nestor Cyriel",0,0,345770,,-0.11704877767623337,-0.45714212526638004,0.0,1.0,0.0,0.0,1.0,0.0
202,0,3,"Sage, Mr. Frederick",8,2,CA. 2343,,,0.7519458402879414,0.0,1.0,0.0,0.0,1.0,0.0
203,0,3,"Johanson, Mr. Jakob Alfred",0,0,3101264,,0.2962790853314117,-0.5176307525123133,0.0,1.0,0.0,0.0,1.0,0.0
204,0,3,"Youseff, Mr. Gerious",0,0,2628,,1.0884908227627315,-0.5029485386158568,0.0,1.0,1.0,0.0,0.0,0.0
205,1,3,"Cohen, Mr. Gurshon ""Gus""",0,0,A/5 3540,,-0.8059285493556418,-0.4863374216869257,0.0,1.0,0.0,0.0,1.0,0.0
206,0,3,"Strom, Miss. Telma Matilda",0,1,347054,G6,-1.9081361840426954,-0.43776248884929375,1.0,0.0,0.0,0.0,1.0,0.0
207,0,3,"Backstrom, Mr. Karl Alfred",1,0,3101278,,0.15850313099553,-0.32928686163157667,0.0,1.0,0.0,0.0,1.0,0.0
208,1,3,"Albimona, Mr. Nassef Cassem",0,0,2699,,-0.25482473201211503,-0.2701412180209885,0.0,1.0,1.0,0.0,0.0,0.0
209,1,3,"Carr, Miss. Helen ""Ellen""",0,0,367231,,-0.9437045036915235,-0.49237782784290063,1.0,0.0,0.0,1.0,0.0,0.0
210,1,1,"Blank, Mr. Henry",0,0,112277,A31,0.7096069483390568,-0.024246350754841113,0.0,1.0,1.0,0.0,0.0,0.0
211,0,3,"Ali, Mr. Ahmed",0,0,SOTON/O.Q. 3101311,,-0.3926006863479967,-0.5064721088735089,0.0,1.0,0.0,0.0,1.0,0.0
212,1,2,"Cameron, Miss. Clear Annie",0,0,F.C.C. 13528,,0.36516706249935255,-0.22559322262067316,1.0,0.0,0.0,0.0,1.0,0.0
213,0,3,"Perkin, Mr. John Henry",0,0,A/5 21174,,-0.5303766406838785,-0.5024451714361923,0.0,1.0,0.0,0.0,1.0,0.0
214,0,2,"Givard, Mr. Hans Kristensen",0,0,250646,,0.020727176659648322,-0.3866707201133388,0.0,1.0,0.0,0.0,1.0,0.0
215,0,3,"Kiernan, Mr. Philip",1,0,367229,,,-0.49237782784290063,0.0,1.0,0.0,1.0,0.0,0.0
216,1,1,"Newell, Miss. Madeleine",1,0,35273,D36,0.08961515382758917,1.6323350375212924,1.0,0.0,1.0,0.0,0.0,0.0
217,1,3,"Honkanen, Miss. Eliina",0,0,STON/O2. 3101283,,-0.1859367548441742,-0.4888542575852486,1.0,0.0,0.0,0.0,1.0,0.0
218,0,2,"Jacobsohn, Mr. Sidney Samuel",1,0,243847,,0.8473829026749384,-0.10478509950117394,0.0,1.0,0.0,0.0,1.0,0.0
219,1,1,"Bazzani, Miss. Albina",0,0,11813,D15,0.15850313099553,0.8876878608937296,1.0,0.0,1.0,0.0,0.0,0.0
220,0,2,"Harris, Mr. Walter",0,0,W/C 14208,,0.020727176659648322,-0.43700743807979686,0.0,1.0,0.0,0.0,1.0,0.0
221,1,3,"Sunderland, Mr. Victor Francis",0,0,SOTON/OQ 392089,,-0.9437045036915235,-0.4863374216869257,0.0,1.0,0.0,0.0,1.0,0.0
222,0,2,"Bracken, Mr. James H",0,0,220367,,-0.1859367548441742,-0.3866707201133388,0.0,1.0,0.0,0.0,1.0,0.0
223,0,3,"Green, Mr. George Henry",0,0,21440,,1.4673746971864061,-0.4863374216869257,0.0,1.0,0.0,0.0,1.0,0.0
224,0,3,"Nenkoff, Mr. Christo",0,0,349234,,,-0.4894421904510968,0.0,1.0,0.0,0.0,1.0,0.0
225,1,1,"Hoyt, Mr. Frederick Maxfield",1,0,19943,C93,0.571830994003175,1.163700193253568,0.0,1.0,0.0,0.0,1.0,0.0
226,0,3,"Berglund, Mr. Karl Ivar Sven",0,0,PP 4348,,-0.5303766406838785,-0.4601623283443675,0.0,1.0,0.0,0.0,1.0,0.0
227,1,2,"Mellors, Mr. William John",0,0,SW/PP 751,,-0.7370405721877009,-0.43700743807979686,0.0,1.0,0.0,0.0,1.0,0.0
228,0,3,"Lovell, Mr. John Hall (""Henry"")",0,0,A/5 21173,,-0.6337086064357897,-0.5024451714361923,0.0,1.0,0.0,0.0,1.0,0.0
229,0,2,"Fahlstrom, Mr. Arne Jonas",0,0,236171,,-0.8059285493556418,-0.3866707201133388,0.0,1.0,0.0,0.0,1.0,0.0
230,0,3,"Lefebre, Miss. Mathilde",3,1,4133,,,-0.13565761536436197,1.0,0.0,0.0,0.0,1.0,0.0
231,1,1,"Harris, Mrs. Henry Birkhardt (Irene Wallach)",1,0,36973,C83,0.36516706249935255,1.0323213593611125,1.0,0.0,0.0,0.0,1.0,0.0
232,0,3,"Larsson, Mr. Bengt Edvin",0,0,347067,,-0.04816080050829252,-0.4918744606632361,0.0,1.0,0.0,0.0,1.0,0.0
233,0,2,"Sjostedt, Mr. Ernst Adolf",0,0,237442,,2.018478514529933,-0.3766033765200472,0.0,1.0,0.0,0.0,1.0,0.0
234,1,3,"Asplund, Miss. Lillian Gertrud",4,2,347077,,-1.7014722525388728,-0.016444159470040135,1.0,0.0,0.0,0.0,1.0,0.0
235,0,2,"Leyson, Mr. Robert William Norman",0,0,C.A. 29566,,-0.3926006863479967,-0.43700743807979686,0.0,1.0,0.0,0.0,1.0,0.0
236,0,3,"Harknett, Miss. Alice Phoebe",0,0,W./C. 6609,,,-0.49640476528021726,1.0,0.0,0.0,0.0,1.0,0.0
237,0,2,"Hold, Mr. Stephen",1,0,26707,,0.9851588570108202,-0.12491978668775715,0.0,1.0,0.0,0.0,1.0,0.0
238,1,2,"Collyer, Miss. Marjorie ""Lottie""",0,2,C.A. 31921,,-1.4948083210350502,-0.11988611489111134,1.0,0.0,0.0,0.0,1.0,0.0
239,0,2,"Pengelly, Mr. Frederick William",0,0,28665,,-0.7370405721877009,-0.43700743807979686,0.0,1.0,0.0,0.0,1.0,0.0
240,0,2,"Hunt, Mr. George Henry",0,0,SCO/W 1585,,0.22739110816347086,-0.4012683683236117,0.0,1.0,0.0,0.0,1.0,0.0
241,0,3,"Zabour, Miss. Thamine",1,0,2665,,,-0.3573908580066095,1.0,0.0,1.0,0.0,0.0,0.0
242,1,3,"Murphy, Miss. Katherine ""Kate""",1,0,367230,,,-0.3363340021468808,1.0,0.0,0.0,1.0,0.0,0.0
243,0,2,"Coleridge, Mr. Reginald Charles",0,0,W./C. 14263,,-0.04816080050829252,-0.43700743807979686,0.0,1.0,0.0,0.0,1.0,0.0
244,0,3,"Maenpaa, Mr. Matti Alexanteri",0,0,STON/O 2. 3101275,,-0.5303766406838785,-0.5049620073345151,0.0,1.0,0.0,0.0,1.0,0.0
245,0,3,"Attalah, Mr. Sleiman",0,0,2694,,0.020727176659648322,-0.5029485386158568,0.0,1.0,1.0,0.0,0.0,0.0
246,0,1,"Minahan, Dr. William Edward",2,0,19928,C78,0.9851588570108202,1.163700193253568,0.0,1.0,0.0,1.0,0.0,0.0
247,0,3,"Lindahl, Miss. Agda Thorilda Viktoria",0,0,347071,,-0.3237127091800559,-0.4918744606632361,1.0,0.0,0.0,0.0,1.0,0.0
248,1,2,"Hamalainen, Mrs. William (Anna)",0,2,250649,,-0.3926006863479967,-0.35646868933346404,1.0,0.0,0.0,0.0,1.0,0.0
249,1,1,"Beckwith, Mr. Richard Leonard",1,1,11751,D35,0.5029430168352342,0.40974072380221066,0.0,1.0,0.0,0.0,1.0,0.0
250,0,2,"Carter, Rev. Ernest Courtenay",1,0,244252,,1.6740386286902287,-0.12491978668775715,0.0,1.0,0.0,0.0,1.0,0.0
251,0,3,"Reed, Mr. James George",0,0,362316,,,-0.5024451714361923,0.0,1.0,0.0,0.0,1.0,0.0
252,0,3,"Strom, Mrs. Wilhelm (Elna Matilda Persson)",1,1,347054,G6,-0.04816080050829252,-0.43776248884929375,1.0,0.0,0.0,0.0,1.0,0.0
253,0,1,"Stead, Mr. William Thomas",0,0,113514,C87,2.225142446033755,-0.11384570873513637,0.0,1.0,0.0,0.0,1.0,0.0
254,0,3,"Lobb, Mr. William Arthur",1,0,A/5. 3336,,0.020727176659648322,-0.32425318983493084,0.0,1.0,0.0,0.0,1.0,0.0
255,0,3,"Rosblom, Mrs. Viktor (Helena Wilhelmina)",0,2,370129,,0.7784949255069976,-0.2414492887801075,1.0,0.0,0.0,0.0,1.0,0.0
256,1,3,"Touma, Mrs. Darwis (Hanne Youssef Razi)",0,2,2650,,-0.04816080050829252,-0.3414522396297103,1.0,0.0,1.0,0.0,0.0,0.0
257,1,1,"Thorne, Mrs. Gertrude Maybelle",0,0,PC 17585,,,0.9462455716384695,1.0,0.0,1.0,0.0,0.0,0.0
258,1,1,"Cherry, Miss. Gladys",0,0,110152,B77,0.020727176659648322,1.093228788100527,1.0,0.0,0.0,0.0,1.0,0.0
259,1,1,"Ward, Miss. Anna",0,0,PC 17755,,0.36516706249935255,9.667166525013505,1.0,0.0,1.0,0.0,0.0,0.0
260,1,2,"Parrish, Mrs. (Lutie Davis)",0,1,230433,,1.3984867200184652,-0.12491978668775715,1.0,0.0,0.0,0.0,1.0,0.0
261,0,3,"Smith, Mr. Thomas",0,0,384461,,,-0.49237782784290063,0.0,1.0,0.0,1.0,0.0,0.0
262,1,3,"Asplund, Master. Edvin Rojj Felix",4,2,347077,,-1.8392482068747544,-0.016444159470040135,0.0,1.0,0.0,0.0,1.0,0.0
263,0,1,"Taussig, Mr. Emil",1,1,110413,E67,1.5362626743543468,0.955306180872432,0.0,1.0,0.0,0.0,1.0,0.0
264,0,1,"Harrison, Mr. William",0,0,112059,B94,0.7096069483390568,-0.6484216535389205,0.0,1.0,0.0,0.0,1.0,0.0
265,0,3,"Henry, Miss. Delia",0,0,382649,,,-0.49237782784290063,1.0,0.0,0.0,1.0,0.0,0.0
266,0,2,"Reeves, Mr. David",0,0,C.A. 17248,,0.43405503966729336,-0.43700743807979686,0.0,1.0,0.0,0.0,1.0,0.0
267,0,3,"Panula, Mr. Ernesti Arvid",4,1,3101295,,-0.9437045036915235,0.1506737441786005,0.0,1.0,0.0,0.0,1.0,0.0
268,1,3,"Persson, Mr. Ernst Ulrik",1,0,347083,,-0.3237127091800559,-0.4918744606632361,0.0,1.0,0.0,0.0,1.0,0.0
269,1,1,"Graham, Mrs. William Thompson (Edith Junkins)",0,1,PC 17582,C125,1.949590537361992,2.441497778832105,1.0,0.0,0.0,0.0,1.0,0.0
270,1,1,"Bissette, Miss. Amelia",0,0,PC 17760,C99,0.36516706249935255,2.0825124140450755,1.0,0.0,0.0,0.0,1.0,0.0
271,0,1,"Cairns, Mr. Alexander",0,0,113798,,,-0.024246350754841113,0.0,1.0,0.0,0.0,1.0,0.0
272,1,3,"Tornquist, Mr. William Henry",0,0,LINE,,-0.3237127091800559,-0.6484216535389205,0.0,1.0,0.0,0.0,1.0,0.0
273,1,2,"Mellinger, Mrs. (Elizabeth Anne Maidment)",0,1,250644,,0.7784949255069976,-0.255795253400548,1.0,0.0,0.0,0.0,1.0,0.0
274,0,1,"Natsch, Mr. Charles H",0,1,PC 17596,C118,0.5029430168352342,-0.05042144409739929,0.0,1.0,1.0,0.0,0.0,0.0
275,1,3,"Healy, Miss. Hanora ""Nora""",0,0,370375,,,-0.49237782784290063,1.0,0.0,0.0,1.0,0.0,0.0
276,1,1,"Andrews, Miss. Kornelia Theodosia",1,0,13502,D7,2.294030423201696,0.921244330558889,1.0,0.0,0.0,0.0,1.0,0.0
277,0,3,"Lindblom, Miss. Augusta Charlotta",0,0,347073,,1.054046834178761,-0.49237782784290063,1.0,0.0,0.0,0.0,1.0,0.0
278,0,2,"Parkes, Mr. Francis ""Frank""",0,0,239853,,,-0.6484216535389205,0.0,1.0,0.0,0.0,1.0,0.0
279,0,3,"Rice, Master. Eric",4,1,382652,,-1.5636962982029912,-0.06199888922968463,0.0,1.0,0.0,1.0,0.0,0.0
280,1,3,"Abbott, Mrs. Stanton (Rosa Hunt)",1,1,C.A. 2673,,0.36516706249935255,-0.24069423801061057,1.0,0.0,0.0,0.0,1.0,0.0
281,0,3,"Duane, Mr. Frank",0,0,336439,,2.431806377537578,-0.49237782784290063,0.0,1.0,0.0,1.0,0.0,0.0
282,0,3,"Olsson, Mr. Nils Johan Goransson",0,0,347464,,-0.11704877767623337,-0.4902797934380587,0.0,1.0,0.0,0.0,1.0,0.0
283,0,3,"de Pelsmaeker, Mr. Alfons",0,0,345778,,-0.9437045036915235,-0.45714212526638004,0.0,1.0,0.0,0.0,1.0,0.0
284,1,3,"Dorking, Mr. Edward Arthur",0,0,A/5. 10482,,-0.7370405721877009,-0.4863374216869257,0.0,1.0,0.0,0.0,1.0,0.0
285,0,1,"Smith, Mr. Richard William",0,0,113056,A19,,-0.12491978668775715,0.0,1.0,0.0,0.0,1.0,0.0
286,0,3,"Stankovic, Mr. Ivan",0,0,349239,,0.22739110816347086,-0.47400492578514347,0.0,1.0,1.0,0.0,0.0,0.0
287,1,3,"de Mulder, Mr. Theodore",0,0,345774,,0.020727176659648322,-0.45714212526638004,0.0,1.0,0.0,0.0,1.0,0.0
288,0,3,"Naidenoff, Mr. Penko",0,0,349206,,-0.5303766406838785,-0.4894421904510968,0.0,1.0,0.0,0.0,1.0,0.0
289,1,2,"Hosono, Mr. Masabumi",0,0,237798,,0.8473829026749384,-0.3866707201133388,0.0,1.0,0.0,0.0,1.0,0.0
290,1,3,"Connolly, Miss. Kate",0,0,370373,,-0.5303766406838785,-0.49237782784290063,1.0,0.0,0.0,1.0,0.0,0.0
291,1,1,"Barber, Miss. Ellen ""Nellie""",0,0,19877,,-0.25482473201211503,0.9391984311231651,1.0,0.0,0.0,0.0,1.0,0.0
292,1,1,"Bishop, Mrs. Dickinson H (Helen Walton)",1,0,11967,B49,-0.7370405721877009,1.1854295476653287,1.0,0.0,1.0,0.0,0.0,0.0
293,0,2,"Levy, Mr. Rene Jacques",0,0,SC/Paris 2163,D,0.43405503966729336,-0.3891875560116617,0.0,1.0,1.0,0.0,0.0,0.0
294,0,3,"Haas, Miss. Aloisia",0,0,349236,,-0.3926006863479967,-0.4702296719376591,1.0,0.0,0.0,0.0,1.0,0.0
295,0,3,"Mineff, Mr. Ivan",0,0,349233,,-0.3926006863479967,-0.4894421904510968,0.0,1.0,0.0,0.0,1.0,0.0
296,0,1,"Lewy, Mr. Ervin G",0,0,PC 17612,,,-0.09027201697708476,0.0,1.0,1.0,0.0,0.0,0.0
297,0,3,"Hanna, Mr. Mansour",0,0,2693,,-0.4270446749319672,-0.5028639729296732,0.0,1.0,1.0,0.0,0.0,0.0
298,0,1,"Allison, Miss. Helen Loraine",1,2,113781,C22 C26,-1.9081361840426954,2.4029901895877646,1.0,0.0,0.0,0.0,1.0,0.0
299,1,1,"Saalfeld, Mr. Adolphe",0,0,19988,C106,,-0.034313694348132716,0.0,1.0,0.0,0.0,1.0,0.0
300,1,1,"Baxter, Mrs. James (Helene DeLaudeniere Chaput)",0,1,PC 17558,B58 B60,1.3984867200184652,4.335332226633905,1.0,0.0,1.0,0.0,0.0,0.0
301,1,3,"Kelly, Miss. Anna Katherine ""Annie Kate""",0,0,9234,,,-0.49237782784290063,1.0,0.0,0.0,1.0,0.0,0.0
302,1,3,"McCoy, Mr. Bernard",2,0,367226,,,-0.18029017645086096,0.0,1.0,0.0,1.0,0.0,0.0
303,0,3,"Johnson, Mr. William Cahoone Jr",0,0,LINE,,-0.7370405721877009,-0.6484216535389205,0.0,1.0,0.0,0.0,1.0,0.0
304,1,2,"Keane, Miss. Nora A",0,0,226593,E101,,-0.3997582667846179,1.0,0.0,0.0,1.0,0.0,0.0
305,0,3,"Williams, Mr. Howard Hugh ""Harry""",0,0,A/5 2466,,,-0.4863374216869257,0.0,1.0,0.0,0.0,1.0,0.0
306,1,1,"Allison, Master. Hudson Trevor",1,2,113781,C22 C26,-1.9825351993840714,2.4029901895877646,0.0,1.0,0.0,0.0,1.0,0.0
307,1,1,"Fleming, Miss. Margaret",0,0,17421,,,1.5841789061771412,1.0,0.0,1.0,0.0,0.0,0.0
308,1,1,"Penasco y Castellana, Mrs. Victor de Satode (Maria Josefa Perez de Soto y Vallejo)",1,0,PC 17758,C65,-0.8748165265235827,1.5442457810799908,1.0,0.0,1.0,0.0,0.0,0.0
309,0,2,"Abelson, Mr. Samuel",1,0,P/PP 3381,,0.020727176659648322,-0.16518916106092355,0.0,1.0,1.0,0.0,0.0,0.0
310,1,1,"Francatelli, Miss. Laura Mabel",0,0,PC 17485,E36,0.020727176659648322,0.49782998024351216,1.0,0.0,1.0,0.0,0.0,0.0
311,1,1,"Hays, Miss. Margaret Bechstein",0,0,11767,C54,-0.3926006863479967,1.0259447039291216,1.0,0.0,1.0,0.0,0.0,0.0
312,1,1,"Ryerson, Miss. Emily Borie",2,2,PC 17608,B57 B59 B63 B66,-0.8059285493556418,4.634416897040849,1.0,0.0,1.0,0.0,0.0,0.0
313,0,2,"Lahtinen, Mrs. William (Anna Sylfven)",1,1,250651,,-0.25482473201211503,-0.12491978668775715,1.0,0.0,0.0,0.0,1.0,0.0
314,0,3,"Hendekovic, Mr. Ignjac",0,0,349243,,-0.11704877767623337,-0.4894421904510968,0.0,1.0,0.0,0.0,1.0,0.0
315,0,2,"Hart, Mr. Benjamin",1,1,F.C.C. 13529,,0.9162708798428792,-0.11988611489111134,0.0,1.0,0.0,0.0,1.0,0.0
316,1,3,"Nilsson, Miss. Helmina Josefina",0,0,347470,,-0.25482473201211503,-0.4902797934380587,1.0,0.0,0.0,0.0,1.0,0.0
317,1,2,"Kantor, Mrs. Sinai (Miriam Sternin)",1,0,244367,,-0.3926006863479967,-0.12491978668775715,1.0,0.0,0.0,0.0,1.0,0.0
318,0,2,"Moraweck, Dr. Ernest",0,0,29011,,1.6740386286902287,-0.36653603292675563,0.0,1.0,0.0,0.0,1.0,0.0
319,1,1,"Wick, Miss. Mary Natalie",0,2,36928,C7,0.08961515382758917,2.671117778445337,1.0,0.0,0.0,0.0,1.0,0.0
320,1,1,"Spedden, Mrs. Frederic Oakley (Margaretta Corning Stone)",1,1,16966,E34,0.7096069483390568,2.059693773056521,1.0,0.0,1.0,0.0,0.0,0.0
321,0,3,"Dennis, Mr. Samuel",0,0,A/5 21172,,-0.5303766406838785,-0.5024451714361923,0.0,1.0,0.0,0.0,1.0,0.0
322,0,3,"Danoff, Mr. Yoto",0,0,349219,,-0.1859367548441742,-0.4894421904510968,0.0,1.0,0.0,0.0,1.0,0.0
323,1,2,"Slayter, Miss. Hilda Mary",0,0,234818,,0.020727176659648322,-0.3997582667846179,1.0,0.0,0.0,1.0,0.0,0.0
324,1,2,"Caldwell, Mrs. Albert Francis (Sylvia Mae Harbaugh)",1,1,248738,,-0.5303766406838785,-0.06451572512800753,1.0,0.0,0.0,0.0,1.0,0.0
325,0,3,"Sage, Mr. George John Jr",8,2,CA. 2343,,,0.7519458402879414,0.0,1.0,0.0,0.0,1.0,0.0
326,1,1,"Young, Miss. Marie Grice",0,0,PC 17760,C32,0.43405503966729336,2.0825124140450755,1.0,0.0,1.0,0.0,0.0,0.0
327,0,3,"Nysveen, Mr. Johan Hansen",0,0,345364,,2.1562544688658143,-0.5228315422126077,0.0,1.0,0.0,0.0,1.0,0.0
328,1,2,"Ball, Mrs. (Ada E Hall)",0,0,28551,D,0.43405503966729336,-0.3866707201133388,1.0,0.0,0.0,0.0,1.0,0.0
329,1,3,"Goldsmith, Mrs. Frank John (Emily Alice Brown)",1,1,363291,,0.08961515382758917,-0.2351571990343002,1.0,0.0,0.0,0.0,1.0,0.0
330,1,1,"Hippach, Miss. Jean Gertrude",0,1,111361,B18,-0.9437045036915235,0.5189714017894245,1.0,0.0,1.0,0.0,0.0,0.0
331,1,3,"McCoy, Miss. Agnes",2,0,367226,,,-0.18029017645086096,1.0,0.0,0.0,1.0,0.0,0.0
332,0,1,"Partner, Mr. Austen",0,0,113043,C124,1.0884908227627315,-0.07458306872129913,0.0,1.0,0.0,0.0,1.0,0.0
333,0,1,"Graham, Mr. George Edward",0,1,PC 17582,C91,0.571830994003175,2.441497778832105,0.0,1.0,0.0,0.0,1.0,0.0
334,0,3,"Vander Planke, Mr. Leo Edmondus",2,0,345764,,-0.9437045036915235,-0.2859972841804228,0.0,1.0,0.0,0.0,1.0,0.0
335,1,1,"Frauenthal, Mrs. Henry William (Clara Heinsheimer)",1,0,PC 17611,,,2.042579288947925,1.0,0.0,0.0,0.0,1.0,0.0
336,0,3,"Denkoff, Mr. Mitto",0,0,349225,,,-0.4894421904510968,0.0,1.0,0.0,0.0,1.0,0.0
337,0,1,"Pears, Mr. Thomas Clinton",1,0,113776,C2,-0.04816080050829252,0.6925485130875209,0.0,1.0,0.0,0.0,1.0,0.0
338,1,1,"Burns, Miss. Elizabeth Margaret",0,0,16966,E40,0.7784949255069976,2.059693773056521,1.0,0.0,1.0,0.0,0.0,0.0
339,1,3,"Dahl, Mr. Karl Edwart",0,0,7598,,1.054046834178761,-0.4863374216869257,0.0,1.0,0.0,0.0,1.0,0.0
340,0,1,"Blackwell, Mr. Stephen Weart",0,0,113784,T,1.054046834178761,0.06635974158478332,0.0,1.0,0.0,0.0,1.0,0.0
341,1,2,"Navratil, Master. Edmond Roger",1,1,230080,F2,-1.9081361840426954,-0.12491978668775715,0.0,1.0,0.0,0.0,1.0,0.0
342,1,1,"Fortune, Miss. Alice Elizabeth",3,2,19950,C23 C25 C27,-0.3926006863479967,4.647001076532463,1.0,0.0,0.0,0.0,1.0,0.0
343,0,2,"Collander, Mr. Erik Gustaf",0,0,248740,,-0.11704877767623337,-0.3866707201133388,0.0,1.0,0.0,0.0,1.0,0.0
344,0,2,"Sedgwick, Mr. Charles Frederick Waddington",0,0,244361,,-0.3237127091800559,-0.3866707201133388,0.0,1.0,0.0,0.0,1.0,0.0
345,0,2,"Fox, Mr. Stanley Hubert",0,0,229236,,0.43405503966729336,-0.3866707201133388,0.0,1.0,0.0,0.0,1.0,0.0
346,1,2,"Brown, Miss. Amelia ""Mildred""",0,0,248733,F33,-0.3926006863479967,-0.3866707201133388,1.0,0.0,0.0,0.0,1.0,0.0
347,1,2,"Smith, Miss. Marion Elsie",0,0,31418,,0.7096069483390568,-0.3866707201133388,1.0,0.0,0.0,0.0,1.0,0.0
348,1,3,"Davison, Mrs. Thomas Henry (Mary E Finck)",1,0,386525,,,-0.32425318983493084,1.0,0.0,0.0,0.0,1.0,0.0
349,1,3,"Coutts, Master. William Loch ""William""",1,1,C.A. 37671,,-1.8392482068747544,-0.32828012727224753,0.0,1.0,0.0,0.0,1.0,0.0
350,0,3,"Dimic, Mr. Jovan",0,0,315088,,0.8473829026749384,-0.47400492578514347,0.0,1.0,0.0,0.0,1.0,0.0
351,0,3,"Odahl, Mr. Nils Martin",0,0,7267,,-0.4614886635159376,-0.4626791642426904,0.0,1.0,0.0,0.0,1.0,0.0
352,0,1,"Williams-Lambert, Mr. Fletcher Fellows",0,0,113510,C128,,0.05629239799149171,0.0,1.0,0.0,0.0,1.0,0.0
353,0,3,"Elias, Mr. Tannous",1,1,2695,,-1.0125924808594644,-0.5028639729296732,0.0,1.0,1.0,0.0,0.0,0.0
354,0,3,"Arnold-Franchi, Mr. Josef",1,0,349237,,-0.3237127091800559,-0.29002422161773944,0.0,1.0,0.0,0.0,1.0,0.0
355,0,3,"Yousif, Mr. Wazli",0,0,2647,,,-0.5029485386158568,0.0,1.0,1.0,0.0,0.0,0.0
356,0,3,"Vanden Steen, Mr. Leo Peter",0,0,345783,,-0.11704877767623337,-0.45714212526638004,0.0,1.0,0.0,0.0,1.0,0.0
357,1,1,"Bowerman, Miss. Elsie Edith",0,1,113505,E33,-0.5303766406838785,0.4589861417231558,1.0,0.0,0.0,0.0,1.0,0.0
358,0,2,"Funk, Miss. Annie Clemmer",0,0,237671,,0.571830994003175,-0.3866707201133388,1.0,0.0,0.0,0.0,1.0,0.0
359,1,3,"McGovern, Miss. Mary",0,0,330931,,,-0.48977642625839407,1.0,0.0,0.0,1.0,0.0,0.0
360,1,3,"Mockler, Miss. Helen Mary ""Ellie""",0,0,330980,,,-0.48977642625839407,1.0,0.0,0.0,1.0,0.0,0.0
361,0,3,"Skoog, Mr. Wilhelm",1,4,347088,,0.7096069483390568,-0.08666388103324908,0.0,1.0,0.0,0.0,1.0,0.0
362,0,2,"del Carlo, Mr. Sebastiano",1,0,SC/PARIS 2167,,-0.04816080050829252,-0.09027201697708476,0.0,1.0,1.0,0.0,0.0,0.0
363,0,3,"Barbara, Mrs. (Catherine David)",0,1,2691,,1.054046834178761,-0.3573908580066095,1.0,0.0,1.0,0.0,0.0,0.0
364,0,3,"Asim, Mr. Adola",0,0,SOTON/O.Q. 3101310,,0.36516706249935255,-0.5064721088735089,0.0,1.0,0.0,0.0,1.0,0.0
365,0,3,"O'Brien, Mr. Thomas",1,0,370365,,,-0.3363340021468808,0.0,1.0,0.0,1.0,0.0,0.0
366,0,3,"Adahl, Mr. Mauritz Nils Martin",0,0,C 7076,,0.020727176659648322,-0.5024451714361923,0.0,1.0,0.0,0.0,1.0,0.0
367,1,1,"Warren, Mrs. Frank Manley (Anna Sophia Atkinson)",1,0,110813,D37,2.087366491697874,0.8667135572514657,1.0,0.0,1.0,0.0,0.0,0.0
368,1,3,"Moussa, Mrs. (Mantoura Boulos)",0,0,2626,,,-0.5028639729296732,1.0,0.0,1.0,0.0,0.0,0.0
369,1,3,"Jermyn, Miss. Annie",0,0,14313,,,-0.49237782784290063,1.0,0.0,0.0,1.0,0.0,0.0
370,1,1,"Aubart, Mme. Leontine Pauline",0,0,PC 17477,B35,-0.3926006863479967,0.7469121684912956,1.0,0.0,1.0,0.0,0.0,0.0
371,1,1,"Harder, Mr. George Achilles",1,0,11765,E50,-0.3237127091800559,0.4678796330534696,0.0,1.0,1.0,0.0,0.0,0.0
372,0,3,"Wiklund, Mr. Jakob Alfred",1,0,3101267,,-0.8059285493556418,-0.5176307525123133,0.0,1.0,0.0,0.0,1.0,0.0
373,0,3,"Beavan, Mr. William Thomas",0,0,323951,,-0.7370405721877009,-0.4863374216869257,0.0,1.0,0.0,0.0,1.0,0.0
374,0,1,"Ringhini, Mr. Sante",0,0,PC 17760,,-0.5303766406838785,2.0825124140450755,0.0,1.0,1.0,0.0,0.0,0.0
375,0,3,"Palsson, Miss. Stina Viola",3,1,349909,,-1.8392482068747544,-0.22408312108167944,1.0,0.0,0.0,0.0,1.0,0.0
376,1,1,"Meyer, Mrs. Edgar Joseph (Leila Saks)",1,0,PC 17604,,,1.0060617003323709,1.0,0.0,1.0,0.0,0.0,0.0
377,1,3,"Landergren, Miss. Aurora Adelia",0,0,C 7077,,-0.5303766406838785,-0.5024451714361923,1.0,0.0,0.0,0.0,1.0,0.0
378,0,1,"Widener, Mr. Harry Elkins",0,2,113503,C82,-0.1859367548441742,3.610064686423428,0.0,1.0,1.0,0.0,0.0,0.0
379,0,3,"Betros, Mr. Tannous",0,0,2648,,-0.6681525950197601,-0.5676312212027554,0.0,1.0,1.0,0.0,0.0,0.0
380,0,3,"Gustafsson, Mr. Karl Gideon",0,0,347069,,-0.7370405721877009,-0.4918744606632361,0.0,1.0,0.0,0.0,1.0,0.0
381,1,1,"Bidois, Miss. Rosalie",0,0,PC 17757,,0.8473829026749384,3.9327230485884233,1.0,0.0,1.0,0.0,0.0,0.0
382,1,3,"Nakid, Miss. Maria (""Mary"")",0,2,2653,,-1.977024161210636,-0.33146744825388363,1.0,0.0,1.0,0.0,0.0,0.0
383,0,3,"Tikkanen, Mr. Juho",0,0,STON/O 2. 3101293,,0.15850313099553,-0.4888542575852486,0.0,1.0,0.0,0.0,1.0,0.0
384,1,1,"Holverson, Mrs. Alexander Oskar (Mary Aline Towner)",1,0,113789,,0.36516706249935255,0.39858208016340624,1.0,0.0,0.0,0.0,1.0,0.0
385,0,3,"Plotcharsky, Mr. Vasil",0,0,349227,,,-0.4894421904510968,0.0,1.0,0.0,0.0,1.0,0.0
386,0,2,"Davies, Mr. Charles Henry",0,0,S.O.C. 14879,,-0.8059285493556418,0.8314778546749452,0.0,1.0,0.0,0.0,1.0,0.0
387,0,3,"Goodwin, Master. Sidney Leonard",5,2,CA 2144,,-1.977024161210636,0.2958951755118318,0.0,1.0,0.0,0.0,1.0,0.0
388,1,2,"Buss, Miss. Kate",0,0,27849,,0.43405503966729336,-0.3866707201133388,1.0,0.0,0.0,0.0,1.0,0.0
389,0,3,"Sadlier, Mr. Matthew",0,0,367655,,,-0.49279662933638163,0.0,1.0,0.0,1.0,0.0,0.0
390,1,2,"Lehmann, Miss. Bertha",0,0,SC 1748,,-0.8748165265235827,-0.40680540729992204,1.0,0.0,1.0,0.0,0.0,0.0
391,1,1,"Carter, Mr. William Ernest",1,2,113760,B96 B98,0.43405503966729336,1.7677408088510642,0.0,1.0,0.0,0.0,1.0,0.0
392,1,3,"Jansson, Mr. Carl Olof",0,0,350034,,-0.5992646178518193,-0.49145565916975514,0.0,1.0,0.0,0.0,1.0,0.0
393,0,3,"Gustafsson, Mr. Johan Birger",2,0,3101277,,-0.11704877767623337,-0.4888542575852486,0.0,1.0,0.0,0.0,1.0,0.0
394,1,1,"Newell, Miss. Marjorie",1,0,35273,D36,-0.4614886635159376,1.6323350375212924,1.0,0.0,1.0,0.0,0.0,0.0
395,1,3,"Sandstrom, Mrs. Hjalmar (Agnes Charlotta Bengtsson)",0,2,PP 9549,G6,-0.3926006863479967,-0.312172377522981,1.0,0.0,0.0,0.0,1.0,0.0
396,0,3,"Johansson, Mr. Erik",0,0,350052,,-0.5303766406838785,-0.49145565916975514,0.0,1.0,0.0,0.0,1.0,0.0
397,0,3,"Olsson, Miss. Elina",0,0,350407,,0.08961515382758917,-0.4902797934380587,1.0,0.0,0.0,0.0,1.0,0.0
398,0,2,"McKane, Mr. Peter David",0,0,28403,,1.122934811346702,-0.12491978668775715,0.0,1.0,0.0,0.0,1.0,0.0
399,0,2,"Pain, Dr. Alfred",0,0,244278,,-0.4614886635159376,-0.43700743807979686,0.0,1.0,0.0,0.0,1.0,0.0
400,1,2,"Trout, Mrs. William H (Jessie L)",0,0,240929,,-0.11704877767623337,-0.393717860628643,1.0,0.0,0.0,0.0,1.0,0.0
401,1,3,"Niskanen, Mr. Juha",0,0,STON/O 2. 3101289,,0.6407189711711159,-0.4888542575852486,0.0,1.0,0.0,0.0,1.0,0.0
402,0,3,"Adams, Mr. John",0,0,341826,,-0.25482473201211503,-0.4863374216869257,0.0,1.0,0.0,0.0,1.0,0.0
403,0,3,"Jussila, Miss. Mari Aina",1,0,4137,,-0.5992646178518193,-0.4505983519307405,1.0,0.0,0.0,0.0,1.0,0.0
404,0,3,"Hakkarainen, Mr. Pekka Pietari",1,0,STON/O2. 3101279,,-0.11704877767623337,-0.32928686163157667,0.0,1.0,0.0,0.0,1.0,0.0
405,0,3,"Oreskovic, Miss. Marija",0,0,315096,,-0.6681525950197601,-0.47400492578514347,1.0,0.0,0.0,0.0,1.0,0.0
406,0,2,"Gale, Mr. Shadrach",1,0,28664,,0.2962790853314117,-0.22559322262067316,0.0,1.0,0.0,0.0,1.0,0.0
407,0,3,"Widegren, Mr. Carl/Charles Peter",0,0,347064,,1.4673746971864061,-0.49237782784290063,0.0,1.0,0.0,0.0,1.0,0.0
408,1,2,"Richards, Master. William Rowe",1,1,29106,,-1.8392482068747544,-0.2708962687904854,0.0,1.0,0.0,0.0,1.0,0.0
409,0,3,"Birkeland, Mr. Hans Martin Monsen",0,0,312992,,-0.5992646178518193,-0.4918744606632361,0.0,1.0,0.0,0.0,1.0,0.0
410,0,3,"Lefebre, Miss. Ida",3,1,4133,,,-0.13565761536436197,1.0,0.0,0.0,0.0,1.0,0.0
411,0,3,"Sdycoff, Mr. Todor",0,0,349222,,,-0.4894421904510968,0.0,1.0,0.0,0.0,1.0,0.0
412,0,3,"Hart, Mr. Henry",0,0,394140,,,-0.5103319284071769,0.0,1.0,0.0,1.0,0.0,0.0
413,1,1,"Minahan, Miss. Daisy E",1,0,19928,C78,0.22739110816347086,1.163700193253568,1.0,0.0,0.0,1.0,0.0,0.0
414,0,2,"Cunningham, Mr. Alfred Fleming",0,0,239853,,,-0.6484216535389205,0.0,1.0,0.0,0.0,1.0,0.0
415,1,3,"Sundman, Mr. Johan Julian",0,0,STON/O 2. 3101269,,0.9851588570108202,-0.4888542575852486,0.0,1.0,0.0,0.0,1.0,0.0
416,0,3,"Meek, Mrs. Thomas (Annie Louise Rowley)",0,0,343095,,,-0.4863374216869257,1.0,0.0,0.0,0.0,1.0,0.0
417,1,2,"Drew, Mrs. James Vivian (Lulu Thorne Christian)",1,1,28220,,0.2962790853314117,0.005955680025033696,1.0,0.0,0.0,0.0,1.0,0.0
418,1,2,"Silven, Miss. Lyyli Karoliina",0,2,250652,,-0.8059285493556418,-0.3866707201133388,1.0,0.0,0.0,0.0,1.0,0.0
419,0,2,"Matthews, Mr. William John",0,0,28228,,0.020727176659648322,-0.3866707201133388,0.0,1.0,0.0,0.0,1.0,0.0
420,0,3,"Van Impe, Miss. Catharina",0,2,345773,,-1.3570323666991686,-0.1621689579829361,1.0,0.0,0.0,0.0,1.0,0.0
421,0,3,"Gheorgheff, Mr. Stanio",0,0,349254,,,-0.4894421904510968,0.0,1.0,1.0,0.0,0.0,0.0
422,0,3,"Charters, Mr. David",0,0,A/5. 13032,,-0.5992646178518193,-0.49271407711891657,0.0,1.0,0.0,1.0,0.0,0.0
423,0,3,"Zimmerman, Mr. Leo",0,0,315082,,-0.04816080050829252,-0.4898609919445778,0.0,1.0,0.0,0.0,1.0,0.0
424,0,3,"Danbom, Mrs. Ernst Gilbert (Anna Sigrid Maria Brogren)",1,1,347080,,-0.11704877767623337,-0.35848215805212236,1.0,0.0,0.0,0.0,1.0,0.0
425,0,3,"Rosblom, Mr. Viktor Richard",1,1,370129,,-0.8059285493556418,-0.2414492887801075,0.0,1.0,0.0,0.0,1.0,0.0
426,0,3,"Wiseman, Mr. Phillippe",0,0,A/4. 34244,,,-0.5024451714361923,0.0,1.0,0.0,0.0,1.0,0.0
427,1,2,"Clarke, Mrs. Charles V (Ada Maria Winfield)",1,0,2003,,-0.11704877767623337,-0.12491978668775715,1.0,0.0,0.0,0.0,1.0,0.0
428,1,2,"Phillips, Miss. Kate Florence (""Mrs Kate Louise Phillips Marshall"")",0,0,250655,,-0.7370405721877009,-0.12491978668775715,1.0,0.0,0.0,0.0,1.0,0.0
429,0,3,"Flynn, Mr. James",0,0,364851,,,-0.49237782784290063,0.0,1.0,0.0,1.0,0.0,0.0
430,1,3,"Pickard, Mr. Berk (Berk Trembisky)",0,0,SOTON/O.Q. 392078,E10,0.15850313099553,-0.4863374216869257,0.0,1.0,0.0,0.0,1.0,0.0
431,1,1,"Bjornstrom-Steffansson, Mr. Mauritz Hakan",0,0,110564,C52,-0.11704877767623337,-0.11384570873513637,0.0,1.0,0.0,0.0,1.0,0.0
432,1,3,"Thorneycroft, Mrs. Percival (Florence Kate White)",1,0,376564,,,-0.32425318983493084,1.0,0.0,0.0,0.0,1.0,0.0
433,1,2,"Louch, Mrs. Charles Alexander (Alice Adelaide Slow)",1,0,SC/AH 3085,,0.8473829026749384,-0.12491978668775715,1.0,0.0,0.0,0.0,1.0,0.0
434,0,3,"Kallio, Mr. Nikolai Erland",0,0,STON/O 2. 3101274,,-0.8748165265235827,-0.5049620073345151,0.0,1.0,0.0,0.0,1.0,0.0
435,0,1,"Silvey, Mr. William Baird",1,0,13507,E44,1.3984867200184652,0.4771073601910807,0.0,1.0,0.0,0.0,1.0,0.0
436,1,1,"Carter, Miss. Lucile Polk",1,2,113760,B96 B98,-1.0814804580274051,1.7677408088510642,1.0,0.0,0.0,0.0,1.0,0.0
437,0,3,"Ford, Miss. Doolina Margaret ""Daisy""",2,2,W./C. 6608,,-0.5992646178518193,0.04370821849987721,1.0,0.0,0.0,0.0,1.0,0.0
438,1,2,"Richards, Mrs. Sidney (Emily Hocking)",2,3,29106,,-0.3926006863479967,-0.2708962687904854,1.0,0.0,0.0,0.0,1.0,0.0
439,0,1,"Fortune, Mr. Mark",1,4,19950,C23 C25 C27,2.362918400369637,4.647001076532463,0.0,1.0,0.0,0.0,1.0,0.0
440,0,2,"Kvillner, Mr. Johan Henrik Johannesson",0,0,C.A. 18723,,0.08961515382758917,-0.43700743807979686,0.0,1.0,0.0,0.0,1.0,0.0
441,1,2,"Hart, Mrs. Benjamin (Esther Ada Bloomfield)",1,1,F.C.C. 13529,,1.054046834178761,-0.11988611489111134,1.0,0.0,0.0,0.0,1.0,0.0
442,0,3,"Hampe, Mr. Leon",0,0,345769,,-0.6681525950197601,-0.45714212526638004,0.0,1.0,0.0,0.0,1.0,0.0
443,0,3,"Petterson, Mr. Johan Emil",1,0,347076,,-0.3237127091800559,-0.4918744606632361,0.0,1.0,0.0,0.0,1.0,0.0
444,1,2,"Reynaldo, Ms. Encarnacion",0,0,230434,,-0.11704877767623337,-0.3866707201133388,1.0,0.0,0.0,0.0,1.0,0.0
445,1,3,"Johannesen-Bratthammer, Mr. Bernt",0,0,65306,,,-0.48507900373776425,0.0,1.0,0.0,0.0,1.0,0.0
446,1,1,"Dodge, Master. Washington",0,2,33638,A34,-1.7703602297068137,0.9997696105865636,0.0,1.0,0.0,0.0,1.0,0.0
447,1,2,"Mellinger, Miss. Madeleine Violet",0,1,250644,,-1.150368435195346,-0.255795253400548,1.0,0.0,0.0,0.0,1.0,0.0
448,1,1,"Seward, Mr. Frederic Kimber",0,0,113794,,0.2962790853314117,-0.11384570873513637,0.0,1.0,0.0,0.0,1.0,0.0
449,1,3,"Baclini, Miss. Marie Catherine",2,1,2666,,-1.7014722525388728,-0.26066180729354516,1.0,0.0,1.0,0.0,0.0,0.0
450,1,1,"Peuchen, Major. Arthur Godfrey",0,0,113786,C104,1.5362626743543468,-0.034313694348132716,0.0,1.0,0.0,0.0,1.0,0.0
451,0,2,"West, Mr. Edwy Arthur",1,2,C.A. 34651,,0.43405503966729336,-0.08968408411123653,0.0,1.0,0.0,0.0,1.0,0.0
452,0,3,"Hagland, Mr. Ingvald Olai Olsen",1,0,65303,,,-0.2463983948905696,0.0,1.0,0.0,0.0,1.0,0.0
453,0,1,"Foreman, Mr. Benjamin Laventall",0,0,113051,C111,0.020727176659648322,-0.08968408411123653,0.0,1.0,1.0,0.0,0.0,0.0
454,1,1,"Goldenberg, Mr. Samuel L",1,0,17453,C92,1.3295987428505243,1.145663540471827,0.0,1.0,1.0,0.0,0.0,0.0
455,0,3,"Peduzzi, Mr. Joseph",0,0,A/5 2817,,,-0.4863374216869257,0.0,1.0,0.0,0.0,1.0,0.0
456,1,3,"Jalsevac, Mr. Ivan",0,0,349240,,-0.04816080050829252,-0.4894421904510968,0.0,1.0,1.0,0.0,0.0,0.0
457,0,1,"Millet, Mr. Francis Davis",0,0,13509,E38,2.431806377537578,-0.11384570873513637,0.0,1.0,0.0,0.0,1.0,0.0
458,1,1,"Kenyon, Mrs. Frederick R (Marion)",1,0,17464,D21,,0.395813560675251,1.0,0.0,0.0,0.0,1.0,0.0
459,1,2,"Toomey, Miss. Ellen",0,0,F.C.C. 13531,,1.3984867200184652,-0.43700743807979686,1.0,0.0,0.0,0.0,1.0,0.0
460,0,3,"O'Connor, Mr. Maurice",0,0,371060,,,-0.49237782784290063,0.0,1.0,0.0,1.0,0.0,0.0
461,1,1,"Anderson, Mr. Harry",0,0,19952,E12,1.2607107656825836,-0.11384570873513637,0.0,1.0,0.0,0.0,1.0,0.0
462,0,3,"Morley, Mr. William",0,0,364506,,0.2962790853314117,-0.4863374216869257,0.0,1.0,0.0,0.0,1.0,0.0
463,0,1,"Gee, Mr. Arthur H",0,0,111320,E63,1.1918227885146426,0.12676380314453292,0.0,1.0,0.0,0.0,1.0,0.0
464,0,2,"Milling, Mr. Jacob Christian",0,0,234360,,1.2607107656825836,-0.3866707201133388,0.0,1.0,0.0,0.0,1.0,0.0
465,0,3,"Maisner, Mr. Simon",0,0,A/S 2816,,,-0.4863374216869257,0.0,1.0,0.0,0.0,1.0,0.0
466,0,3,"Goncalves, Mr. Manuel Estanslas",0,0,SOTON/O.Q. 3101306,,0.571830994003175,-0.5064721088735089,0.0,1.0,0.0,0.0,1.0,0.0
467,0,2,"Campbell, Mr. William",0,0,239853,,,-0.6484216535389205,0.0,1.0,0.0,0.0,1.0,0.0
468,0,1,"Smart, Mr. John Montgomery",0,0,113792,,1.8118145830261103,-0.11384570873513637,0.0,1.0,0.0,0.0,1.0,0.0
469,0,3,"Scanlan, Mr. James",0,0,36209,,,-0.4928811950225652,0.0,1.0,0.0,1.0,0.0,0.0
470,1,3,"Baclini, Miss. Helene Barbara",2,1,2666,,-1.9942461555026214,-0.26066180729354516,1.0,0.0,1.0,0.0,0.0,0.0
471,0,3,"Keefe, Mr. Arthur",0,0,323592,,,-0.5024451714361923,0.0,1.0,0.0,0.0,1.0,0.0
472,0,3,"Cacic, Mr. Luka",0,0,315089,,0.571830994003175,-0.47400492578514347,0.0,1.0,0.0,0.0,1.0,0.0
473,1,2,"West, Mrs. Edwy Arthur (Ada Mary Worth)",1,2,C.A. 34651,,0.22739110816347086,-0.08968408411123653,1.0,0.0,0.0,0.0,1.0,0.0
474,1,2,"Jerwan, Mrs. Amin S (Marie Marthe Thuillard)",0,0,SC/AH Basle 541,D,-0.4614886635159376,-0.3707300882677209,1.0,0.0,1.0,0.0,0.0,0.0
475,0,3,"Strandberg, Miss. Ida Sofia",0,0,7553,,-0.5303766406838785,-0.45034666834090825,1.0,0.0,0.0,0.0,1.0,0.0
476,0,1,"Clifford, Mr. George Quincy",0,0,110465,A14,,0.39858208016340624,0.0,1.0,0.0,0.0,1.0,0.0
477,0,2,"Renouf, Mr. Peter Henry",1,0,31027,,0.2962790853314117,-0.22559322262067316,0.0,1.0,0.0,0.0,1.0,0.0
478,0,3,"Braund, Mr. Lewis Richard",1,0,3460,,-0.04816080050829252,-0.5065566745596926,0.0,1.0,0.0,0.0,1.0,0.0
479,0,3,"Karlsson, Mr. Nils August",0,0,350060,,-0.5303766406838785,-0.4969926981460655,0.0,1.0,0.0,0.0,1.0,0.0
480,1,3,"Hirvonen, Miss. Hildur E",0,1,3101298,,-1.9081361840426954,-0.4010166847337793,1.0,0.0,0.0,0.0,1.0,0.0
481,0,3,"Goodwin, Master. Harold Victor",5,2,CA 2144,,-1.4259203438671093,0.2958951755118318,0.0,1.0,0.0,0.0,1.0,0.0
482,0,2,"Frost, Mr. Anthony Wood ""Archie""",0,0,239854,,,-0.6484216535389205,0.0,1.0,0.0,0.0,1.0,0.0
483,0,3,"Rouse, Mr. Richard Henry",0,0,A/5 3594,,1.3984867200184652,-0.4863374216869257,0.0,1.0,0.0,0.0,1.0,0.0
484,1,3,"Turkula, Mrs. (Hedwig)",0,0,4134,,2.294030423201696,-0.455380340137554,1.0,0.0,0.0,0.0,1.0,0.0
485,1,1,"Bishop, Mr. Dickinson H",1,0,11967,B49,-0.3237127091800559,1.1854295476653287,0.0,1.0,1.0,0.0,0.0,0.0
486,0,3,"Lefebre, Miss. Jeannie",3,1,4133,,,-0.13565761536436197,1.0,0.0,0.0,0.0,1.0,0.0
487,1,1,"Hoyt, Mrs. Frederick Maxfield (Jane Anne Forby)",1,0,19943,C93,0.36516706249935255,1.163700193253568,1.0,0.0,0.0,0.0,1.0,0.0
488,0,1,"Kent, Mr. Edward Austin",0,0,11771,B37,1.949590537361992,-0.05042144409739929,0.0,1.0,1.0,0.0,0.0,0.0
489,0,3,"Somerton, Mr. Francis William",0,0,A.5. 18509,,0.020727176659648322,-0.4863374216869257,0.0,1.0,0.0,0.0,1.0,0.0
490,1,3,"Coutts, Master. Eden Leslie ""Neville""",1,1,C.A. 37671,,-1.4259203438671093,-0.32828012727224753,0.0,1.0,0.0,0.0,1.0,0.0
491,0,3,"Hagland, Mr. Konrad Mathias Reiersen",1,0,65304,,,-0.2463983948905696,0.0,1.0,0.0,0.0,1.0,0.0
492,0,3,"Windelov, Mr. Einar",0,0,SOTON/OQ 3101317,,-0.5992646178518193,-0.5024451714361923,0.0,1.0,0.0,0.0,1.0,0.0
493,0,1,"Molson, Mr. Harry Markland",0,0,113787,C30,1.7429266058581694,-0.034313694348132716,0.0,1.0,0.0,0.0,1.0,0.0
494,0,1,"Artagaveytia, Mr. Ramon",0,0,PC 17609,,2.845134240545223,0.3483299278831318,0.0,1.0,1.0,0.0,0.0,0.0
495,0,3,"Stanley, Mr. Edward Roland",0,0,A/4 45380,,-0.5992646178518193,-0.4863374216869257,0.0,1.0,0.0,0.0,1.0,0.0
496,0,3,"Yousseff, Mr. Gerious",0,0,2627,,,-0.3573083057891445,0.0,1.0,1.0,0.0,0.0,0.0
497,1,1,"Eustis, Miss. Elizabeth Mussey",1,0,36947,D20,1.6740386286902287,0.9274538680872313,1.0,0.0,1.0,0.0,0.0,0.0
498,0,3,"Shellard, Mr. Frederick William",0,0,C.A. 6212,,,-0.3443878770215141,0.0,1.0,0.0,0.0,1.0,0.0
499,0,1,"Allison, Mrs. Hudson J C (Bessie Waldo Daniels)",1,2,113781,C22 C26,-0.3237127091800559,2.4029901895877646,1.0,0.0,0.0,0.0,1.0,0.0
500,0,3,"Svensson, Mr. Olof",0,0,350035,,-0.3926006863479967,-0.49145565916975514,0.0,1.0,0.0,0.0,1.0,0.0
501,0,3,"Calic, Mr. Petar",0,0,315086,,-0.8748165265235827,-0.47400492578514347,0.0,1.0,0.0,0.0,1.0,0.0
502,0,3,"Canavan, Miss. Mary",0,0,364846,,-0.5992646178518193,-0.49237782784290063,1.0,0.0,0.0,1.0,0.0,0.0
503,0,3,"O'Sullivan, Miss. Bridget Mary",0,0,330909,,,-0.4948100980550399,1.0,0.0,0.0,1.0,0.0,0.0
504,0,3,"Laitinen, Miss. Kristina Sofia",0,0,4135,,0.5029430168352342,-0.455380340137554,1.0,0.0,0.0,0.0,1.0,0.0
505,1,1,"Maioni, Miss. Roberta",0,0,110152,B79,-0.9437045036915235,1.093228788100527,1.0,0.0,0.0,0.0,1.0,0.0
506,0,1,"Penasco y Castellana, Mr. Victor de Satode",1,0,PC 17758,C65,-0.8059285493556418,1.5442457810799908,0.0,1.0,1.0,0.0,0.0,0.0
507,1,2,"Quick, Mrs. Frederick Charles (Jane Richards)",0,2,26360,,0.22739110816347086,-0.12491978668775715,1.0,0.0,0.0,0.0,1.0,0.0
508,1,1,"Bradley, Mr. George (""George Arthur Brayton"")",0,0,111427,,,-0.11384570873513637,0.0,1.0,0.0,0.0,1.0,0.0
509,0,3,"Olsen, Mr. Henry Margido",0,0,C 4001,,-0.11704877767623337,-0.1948878246611338,0.0,1.0,0.0,0.0,1.0,0.0
510,1,3,"Lang, Mr. Fang",0,0,1601,,-0.25482473201211503,0.48910360681684706,0.0,1.0,0.0,0.0,1.0,0.0
511,1,3,"Daly, Mr. Eugene Patrick",0,0,382651,,-0.04816080050829252,-0.49237782784290063,0.0,1.0,0.0,1.0,0.0,0.0
512,0,3,"Webber, Mr. James",0,0,SOTON/OQ 3101316,,,-0.4863374216869257,0.0,1.0,0.0,0.0,1.0,0.0
513,1,1,"McGough, Mr. James Robert",0,0,PC 17473,E25,0.43405503966729336,-0.11913106412161445,0.0,1.0,0.0,0.0,1.0,0.0
514,1,1,"Rothschild, Mrs. Martin (Elizabeth L. Barrett)",1,0,PC 17603,,1.6740386286902287,0.5475787653441219,1.0,0.0,1.0,0.0,0.0,0.0
515,0,3,"Coleff, Mr. Satio",0,0,349209,,-0.3926006863479967,-0.4974960653257301,0.0,1.0,0.0,0.0,1.0,0.0
516,0,1,"Walker, Mr. William Anderson",0,0,36967,D46,1.1918227885146426,0.036576512298389464,0.0,1.0,0.0,0.0,1.0,0.0
517,1,2,"Lemore, Mrs. (Amelia Milley)",0,0,C.A. 34260,F33,0.2962790853314117,-0.43700743807979686,1.0,0.0,0.0,0.0,1.0,0.0
518,0,3,"Ryan, Mr. Patrick",0,0,371110,,,-0.1621689579829361,0.0,1.0,0.0,1.0,0.0,0.0
519,1,2,"Angle, Mrs. William A (Florence ""Mary"" Agnes Hughes)",1,0,226875,,0.43405503966729336,-0.12491978668775715,1.0,0.0,0.0,0.0,1.0,0.0
520,0,3,"Pavlovic, Mr. Stefo",0,0,349242,,0.15850313099553,-0.4894421904510968,0.0,1.0,0.0,0.0,1.0,0.0
521,1,1,"Perreault, Miss. Anne",0,0,12749,B73,0.020727176659648322,1.2341715984066093,1.0,0.0,0.0,0.0,1.0,0.0
522,0,3,"Vovk, Mr. Janko",0,0,349252,,-0.5303766406838785,-0.4894421904510968,0.0,1.0,0.0,0.0,1.0,0.0
523,0,3,"Lahoud, Mr. Sarkis",0,0,2624,,,-0.5029485386158568,0.0,1.0,1.0,0.0,0.0,0.0
524,1,1,"Hippach, Mrs. Louis Albert (Ida Sophia Fischer)",0,1,111361,B18,0.9851588570108202,0.5189714017894245,1.0,0.0,1.0,0.0,0.0,0.0
525,0,3,"Kassem, Mr. Fared",0,0,2700,,,-0.5028639729296732,0.0,1.0,1.0,0.0,0.0,0.0
526,0,3,"Farrell, Mr. James",0,0,367232,,0.7440509369230272,-0.49237782784290063,0.0,1.0,0.0,1.0,0.0,0.0
527,1,2,"Ridsdale, Miss. Lucy",0,0,W./C. 14258,,1.3984867200184652,-0.43700743807979686,1.0,0.0,0.0,0.0,1.0,0.0
528,0,1,"Farthing, Mr. John",0,0,PC 17483,C95,,3.817033162951754,0.0,1.0,0.0,0.0,1.0,0.0
529,0,3,"Salonen, Mr. Johan Werner",0,0,3101296,,0.6407189711711159,-0.4888542575852486,0.0,1.0,0.0,0.0,1.0,0.0
530,0,2,"Hocking, Mr. Richard George",2,1,29104,,-0.4614886635159376,-0.41687275089321363,0.0,1.0,0.0,0.0,1.0,0.0
531,1,2,"Quick, Miss. Phyllis May",1,1,26360,,-1.9081361840426954,-0.12491978668775715,1.0,0.0,0.0,0.0,1.0,0.0
532,0,3,"Toufik, Mr. Nakli",0,0,2641,,,-0.5028639729296732,0.0,1.0,1.0,0.0,0.0,0.0
533,0,3,"Elias, Mr. Joseph Jr",1,1,2690,,-0.8748165265235827,-0.5028639729296732,0.0,1.0,1.0,0.0,0.0,0.0
534,1,3,"Peter, Mrs. Catherine (Catherine Rizk)",0,2,2668,,,-0.19824427701513722,1.0,0.0,1.0,0.0,0.0,0.0
535,0,3,"Cacic, Miss. Marija",0,0,315084,,0.020727176659648322,-0.47400492578514347,1.0,0.0,0.0,0.0,1.0,0.0
536,1,2,"Hart, Miss. Eva Miriam",0,2,F.C.C. 13529,,-1.5636962982029912,-0.11988611489111134,1.0,0.0,0.0,0.0,1.0,0.0
537,0,1,"Butt, Major. Archibald Willingham",0,0,113050,B38,1.054046834178761,-0.11384570873513637,0.0,1.0,0.0,0.0,1.0,0.0
538,1,1,"LeRoy, Miss. Bertha",0,0,PC 17761,,0.020727176659648322,1.4944124302931971,1.0,0.0,1.0,0.0,0.0,0.0
539,0,3,"Risien, Mr. Samuel Beard",0,0,364498,,,-0.35646868933346404,0.0,1.0,0.0,0.0,1.0,0.0
540,1,1,"Frolicher, Miss. Hedwig Margaritha",0,2,13568,B39,-0.5303766406838785,0.3482453621969482,1.0,0.0,1.0,0.0,0.0,0.0
541,1,1,"Crosby, Miss. Harriet R",0,2,WE/P 5735,B22,0.43405503966729336,0.7811411367084872,1.0,0.0,0.0,0.0,1.0,0.0
542,0,3,"Andersson, Miss. Ingeborg Constanzia",4,2,347082,,-1.4259203438671093,-0.01870931177853076,1.0,0.0,0.0,0.0,1.0,0.0
543,0,3,"Andersson, Miss. Sigrid Elisabeth",4,2,347082,,-1.2881443895312277,-0.01870931177853076,1.0,0.0,0.0,0.0,1.0,0.0
544,1,2,"Beane, Mr. Edward",1,0,2908,,0.15850313099553,-0.12491978668775715,0.0,1.0,0.0,0.0,1.0,0.0
545,0,1,"Douglas, Mr. Walter Donald",1,0,PC 17761,C86,1.3984867200184652,1.4944124302931971,0.0,1.0,1.0,0.0,0.0,0.0
546,0,1,"Nicholson, Mr. Arthur Ernest",0,0,693,,2.362918400369637,-0.12491978668775715,0.0,1.0,0.0,0.0,1.0,0.0
547,1,2,"Beane, Mrs. Edward (Ethel Clarke)",1,0,2908,,-0.7370405721877009,-0.12491978668775715,1.0,0.0,0.0,0.0,1.0,0.0
548,1,2,"Padro y Manent, Mr. Julian",0,0,SC/PARIS 2146,,,-0.3693045524149108,0.0,1.0,1.0,0.0,0.0,0.0
549,0,3,"Goldsmith, Mr. Frank John",1,1,363291,,0.22739110816347086,-0.2351571990343002,0.0,1.0,0.0,0.0,1.0,0.0
550,1,2,"Davies, Master. John Morgan Jr",1,1,C.A. 33112,,-1.4948083210350502,0.09152810056801232,0.0,1.0,0.0,0.0,1.0,0.0
551,1,1,"Thayer, Mr. John Borland Jr",0,2,17421,C70,-0.8748165265235827,1.5841789061771412,0.0,1.0,1.0,0.0,0.0,0.0
552,0,2,"Sharp, Mr. Percival James R",0,0,244358,,-0.1859367548441742,-0.12491978668775715,0.0,1.0,0.0,0.0,1.0,0.0
553,0,3,"O'Brien, Mr. Timothy",0,0,330979,,,-0.49078316061772326,0.0,1.0,0.0,1.0,0.0,0.0
554,1,3,"Leeni, Mr. Fahim (""Philip Zenni"")",0,0,2620,,-0.5303766406838785,-0.5029485386158568,0.0,1.0,1.0,0.0,0.0,0.0
555,1,3,"Ohman, Miss. Velin",0,0,347085,,-0.5303766406838785,-0.4918744606632361,1.0,0.0,0.0,0.0,1.0,0.0
556,0,1,"Wright, Mr. George",0,0,113807,,2.225142446033755,-0.11384570873513637,0.0,1.0,0.0,0.0,1.0,0.0
557,1,1,"Duff Gordon, Lady. (Lucille Christiana Sutherland) (""Mrs Morgan"")",1,0,11755,A16,1.2607107656825836,0.1489119590497745,1.0,0.0,1.0,0.0,0.0,0.0
558,0,1,"Robbins, Mr. Victor",0,0,PC 17757,,,3.9327230485884233,0.0,1.0,1.0,0.0,0.0,0.0
559,1,1,"Taussig, Mrs. Emil (Tillie Mandelbaum)",1,1,110413,E67,0.6407189711711159,0.955306180872432,1.0,0.0,0.0,0.0,1.0,0.0
560,1,3,"de Messemaeker, Mrs. Guillaume Joseph (Emma)",1,0,345572,,0.43405503966729336,-0.29807809649237277,1.0,0.0,0.0,0.0,1.0,0.0
561,0,3,"Morrow, Mr. Thomas Rowan",0,0,372622,,,-0.49237782784290063,0.0,1.0,0.0,1.0,0.0,0.0
562,0,3,"Sivic, Mr. Husein",0,0,349251,,0.7096069483390568,-0.4894421904510968,0.0,1.0,0.0,0.0,1.0,0.0
563,0,2,"Norman, Mr. Robert Douglas",0,0,218629,,-0.11704877767623337,-0.3766033765200472,0.0,1.0,0.0,0.0,1.0,0.0
564,0,3,"Simmons, Mr. John",0,0,SOTON/OQ 392082,,,-0.4863374216869257,0.0,1.0,0.0,0.0,1.0,0.0
565,0,3,"Meanwell, Miss. (Marion Ogden)",0,0,SOTON/O.Q. 392087,,,-0.4863374216869257,1.0,0.0,0.0,0.0,1.0,0.0
566,0,3,"Davies, Mr. Alfred J",2,0,A/4 48871,,-0.3926006863479967,-0.1621689579829361,0.0,1.0,0.0,0.0,1.0,0.0
567,0,3,"Stoytcheff, Mr. Ilia",0,0,349205,,-0.7370405721877009,-0.4894421904510968,0.0,1.0,0.0,0.0,1.0,0.0
568,0,3,"Palsson, Mrs. Nils (Alma Cornelia Berglund)",0,4,349909,,-0.04816080050829252,-0.22408312108167944,1.0,0.0,0.0,0.0,1.0,0.0
569,0,3,"Doharr, Mr. Tannous",0,0,2686,,,-0.5028639729296732,0.0,1.0,1.0,0.0,0.0,0.0
570,1,3,"Jonsson, Mr. Carl",0,0,350417,,0.15850313099553,-0.4902797934380587,0.0,1.0,0.0,0.0,1.0,0.0
571,1,2,"Harris, Mr. George",0,0,S.W./PP 752,,2.225142446033755,-0.43700743807979686,0.0,1.0,0.0,0.0,1.0,0.0
572,1,1,"Appleton, Mrs. Edward Dale (Charlotte Lamson)",2,0,11769,C101,1.6051506515222878,0.38809593507663365,1.0,0.0,0.0,0.0,1.0,0.0
573,1,1,"Flynn, Mr. John Irwin (""Irving"")",0,0,PC 17474,E25,0.43405503966729336,-0.11711759540295616,0.0,1.0,0.0,0.0,1.0,0.0
574,1,3,"Kelly, Miss. Mary",0,0,14312,,,-0.49237782784290063,1.0,0.0,0.0,1.0,0.0,0.0
575,0,3,"Rush, Mr. Alfred George John",0,0,A/4. 20589,,-0.9437045036915235,-0.4863374216869257,0.0,1.0,0.0,0.0,1.0,0.0
576,0,3,"Patchett, Mr. George",0,0,358585,,-0.7370405721877009,-0.35646868933346404,0.0,1.0,0.0,0.0,1.0,0.0
577,1,2,"Garside, Miss. Ethel",0,0,243880,,0.2962790853314117,-0.3866707201133388,1.0,0.0,0.0,0.0,1.0,0.0
578,1,1,"Silvey, Mrs. William Baird (Alice Munger)",1,0,13507,E44,0.6407189711711159,0.4771073601910807,1.0,0.0,0.0,0.0,1.0,0.0
579,0,3,"Caram, Mrs. Joseph (Maria Elias)",1,0,2689,,,-0.3573083057891445,1.0,0.0,1.0,0.0,0.0,0.0
580,1,3,"Jussila, Mr. Eiriik",0,0,STON/O 2. 3101286,,0.15850313099553,-0.4888542575852486,0.0,1.0,0.0,0.0,1.0,0.0
581,1,2,"Christy, Miss. Julie Rachel",1,1,237789,,-0.3237127091800559,-0.04438103794142432,1.0,0.0,0.0,0.0,1.0,0.0
582,1,1,"Thayer, Mrs. John Borland (Marian Longstreth Morris)",1,1,17421,C68,0.6407189711711159,1.5841789061771412,1.0,0.0,1.0,0.0,0.0,0.0
583,0,2,"Downton, Mr. William James",0,0,28403,,1.6740386286902287,-0.12491978668775715,0.0,1.0,0.0,0.0,1.0,0.0
584,0,1,"Ross, Mr. John Hugo",0,0,13049,A10,0.43405503966729336,0.15948266982273065,0.0,1.0,1.0,0.0,0.0,0.0
585,0,3,"Paulner, Mr. Uscher",0,0,3411,,,-0.47299819142581434,0.0,1.0,1.0,0.0,0.0,0.0
586,1,1,"Taussig, Miss. Ruth",0,2,110413,E68,-0.8059285493556418,0.955306180872432,1.0,0.0,0.0,0.0,1.0,0.0
587,0,2,"Jarvis, Mr. John Denzil",0,0,237565,,1.1918227885146426,-0.3464013457401724,0.0,1.0,0.0,0.0,1.0,0.0
588,1,1,"Frolicher-Stehli, Mr. Maxmillian",1,1,13567,B41,2.087366491697874,0.9462455716384695,0.0,1.0,1.0,0.0,0.0,0.0
589,0,3,"Gilinski, Mr. Eliezer",0,0,14973,,-0.5303766406838785,-0.4863374216869257,0.0,1.0,0.0,0.0,1.0,0.0
590,0,3,"Murdlin, Mr. Joseph",0,0,A./5. 3235,,,-0.4863374216869257,0.0,1.0,0.0,0.0,1.0,0.0
591,0,3,"Rintamaki, Mr. Matti",0,0,STON/O 2. 3101273,,0.36516706249935255,-0.5049620073345151,0.0,1.0,0.0,0.0,1.0,0.0
592,1,1,"Stephenson, Mrs. Walter Bertram (Martha Eustis)",1,0,36947,D20,1.5362626743543468,0.9274538680872313,1.0,0.0,1.0,0.0,0.0,0.0
593,0,3,"Elsbury, Mr. William James",0,0,A/5 3902,,1.1918227885146426,-0.5024451714361923,0.0,1.0,0.0,0.0,1.0,0.0
594,0,3,"Bourke, Miss. Mary",0,2,364848,,,-0.49237782784290063,1.0,0.0,0.0,1.0,0.0,0.0
595,0,2,"Chapman, Mr. John Henry",1,0,SC/AH 29037,,0.5029430168352342,-0.12491978668775715,0.0,1.0,0.0,0.0,1.0,0.0
596,0,3,"Van Impe, Mr. Jean Baptiste",1,1,345773,,0.43405503966729336,-0.1621689579829361,0.0,1.0,0.0,0.0,1.0,0.0
597,1,2,"Leitch, Miss. Jessie Wills",0,0,248727,,,0.016023023618325298,1.0,0.0,0.0,0.0,1.0,0.0
598,0,3,"Johnson, Mr. Alfred",0,0,LINE,,1.3295987428505243,-0.6484216535389205,0.0,1.0,0.0,0.0,1.0,0.0
599,0,3,"Boulos, Mr. Hanna",0,0,2664,,,-0.5029485386158568,0.0,1.0,1.0,0.0,0.0,0.0
600,1,1,"Duff Gordon, Sir. Cosmo Edmund (""Mr Morgan"")",1,0,PC 17485,A20,1.3295987428505243,0.49782998024351216,0.0,1.0,1.0,0.0,0.0,0.0
601,1,2,"Jacobsohn, Mrs. Sidney Samuel (Amy Frances Christy)",2,1,243847,,-0.3926006863479967,-0.10478509950117394,1.0,0.0,0.0,0.0,1.0,0.0
602,0,3,"Slabenoff, Mr. Petco",0,0,349214,,,-0.4894421904510968,0.0,1.0,0.0,0.0,1.0,0.0
603,0,1,"Harrington, Mr. Charles H",0,0,113796,,,0.2052890831722074,0.0,1.0,0.0,0.0,1.0,0.0
604,0,3,"Torber, Mr. Ernst William",0,0,364511,,0.9851588570108202,-0.4863374216869257,0.0,1.0,0.0,0.0,1.0,0.0
605,1,1,"Homer, Mr. Harry (""Mr E Haven"")",0,0,111426,,0.36516706249935255,-0.11384570873513637,0.0,1.0,1.0,0.0,0.0,0.0
606,0,3,"Lindell, Mr. Edvard Bengtsson",1,0,349910,,0.43405503966729336,-0.3353272677875516,0.0,1.0,0.0,0.0,1.0,0.0
607,0,3,"Karaic, Mr. Milan",0,0,349246,,0.020727176659648322,-0.4894421904510968,0.0,1.0,0.0,0.0,1.0,0.0
608,1,1,"Daniel, Mr. Robert Williams",0,0,113804,,-0.1859367548441742,-0.034313694348132716,0.0,1.0,0.0,0.0,1.0,0.0
609,1,2,"Laroche, Mrs. Joseph (Juliette Marie Louise Lafargue)",1,2,SC/Paris 2123,,-0.5303766406838785,0.18876253192945994,1.0,0.0,1.0,0.0,0.0,0.0
610,1,1,"Shutes, Miss. Elizabeth W",0,0,PC 17582,C125,0.7096069483390568,2.441497778832105,1.0,0.0,0.0,0.0,1.0,0.0
611,0,3,"Andersson, Mrs. Anders Johan (Alfrida Konstantia Brogren)",1,5,347082,,0.6407189711711159,-0.01870931177853076,1.0,0.0,0.0,0.0,1.0,0.0
612,0,3,"Jardin, Mr. Jose Neto",0,0,SOTON/O.Q. 3101305,,,-0.5064721088735089,0.0,1.0,0.0,0.0,1.0,0.0
613,1,3,"Murphy, Miss. Margaret Jane",1,0,367230,,,-0.3363340021468808,1.0,0.0,0.0,1.0,0.0,0.0
614,0,3,"Horgan, Mr. John",0,0,370377,,,-0.49237782784290063,0.0,1.0,0.0,1.0,0.0,0.0
615,0,3,"Brocklebank, Mr. William Alfred",0,0,364512,,0.36516706249935255,-0.4863374216869257,0.0,1.0,0.0,0.0,1.0,0.0
616,1,2,"Herman, Miss. Alice",1,2,220845,,-0.3926006863479967,0.6603330135889879,1.0,0.0,0.0,0.0,1.0,0.0
617,0,3,"Danbom, Mr. Ernst Gilbert",1,1,347080,,0.2962790853314117,-0.35848215805212236,0.0,1.0,0.0,0.0,1.0,0.0
618,0,3,"Lobb, Mrs. William Arthur (Cordelia K Stanlick)",1,0,A/5. 3336,,-0.25482473201211503,-0.32425318983493084,1.0,0.0,0.0,0.0,1.0,0.0
619,1,2,"Becker, Miss. Marion Louise",2,1,230136,F4,-1.7703602297068137,0.13683114673782454,1.0,0.0,0.0,0.0,1.0,0.0
620,0,2,"Gavey, Mr. Lawrence",0,0,31028,,-0.25482473201211503,-0.43700743807979686,0.0,1.0,0.0,0.0,1.0,0.0
621,0,3,"Yasbeck, Mr. Antoni",1,0,2659,,-0.1859367548441742,-0.3573908580066095,0.0,1.0,1.0,0.0,0.0,0.0
622,1,1,"Kimball, Mr. Edwin Nelson Jr",1,0,11753,D19,0.8473829026749384,0.40974072380221066,0.0,1.0,0.0,0.0,1.0,0.0
623,1,3,"Nakid, Mr. Sahid",1,1,2653,,-0.6681525950197601,-0.33146744825388363,0.0,1.0,1.0,0.0,0.0,0.0
624,0,3,"Hansen, Mr. Henry Damsgaard",0,0,350029,,-0.5992646178518193,-0.4902797934380587,0.0,1.0,0.0,0.0,1.0,0.0
625,0,3,"Bowen, Mr. David John ""Dai""",0,0,54636,,-0.5992646178518193,-0.32425318983493084,0.0,1.0,0.0,0.0,1.0,0.0
626,0,1,"Sutton, Mr. Frederick",0,0,36963,D50,2.1562544688658143,0.002347544081197954,0.0,1.0,0.0,0.0,1.0,0.0
627,0,2,"Kirkland, Rev. Charles Leonard",0,0,219533,,1.880702560194051,-0.3997582667846179,0.0,1.0,0.0,1.0,0.0,0.0
628,1,1,"Longley, Miss. Gretchen Fiske",0,0,13502,D9,-0.5992646178518193,0.921244330558889,1.0,0.0,0.0,0.0,1.0,0.0
629,0,3,"Bostandyeff, Mr. Guentcho",0,0,349224,,-0.25482473201211503,-0.4894421904510968,0.0,1.0,0.0,0.0,1.0,0.0
630,0,3,"O'Connell, Mr. Patrick D",0,0,334912,,,-0.49271407711891657,0.0,1.0,0.0,1.0,0.0,0.0
631,1,1,"Barkworth, Mr. Algernon Henry Wilson",0,0,27042,A23,3.4651260350566906,-0.04438103794142432,0.0,1.0,0.0,0.0,1.0,0.0
632,0,3,"Lundahl, Mr. Johan Svensson",0,0,347743,,1.4673746971864061,-0.5063875431873253,0.0,1.0,0.0,0.0,1.0,0.0
633,1,1,"Stahelin-Maeglin, Dr. Max",0,0,13214,B50,0.15850313099553,-0.034313694348132716,0.0,1.0,1.0,0.0,0.0,0.0
634,0,1,"Parr, Mr. William Henry Marsh",0,0,112052,,,-0.6484216535389205,0.0,1.0,0.0,0.0,1.0,0.0
635,0,3,"Skoog, Miss. Mabel",3,2,347088,,-1.4259203438671093,-0.08666388103324908,1.0,0.0,0.0,0.0,1.0,0.0
636,1,2,"Davis, Miss. Mary",0,0,237668,,-0.11704877767623337,-0.3866707201133388,1.0,0.0,0.0,0.0,1.0,0.0
637,0,3,"Leinonen, Mr. Antti Gustaf",0,0,STON/O 2. 3101292,,0.15850313099553,-0.4888542575852486,0.0,1.0,0.0,0.0,1.0,0.0
638,0,2,"Collyer, Mr. Harvey",1,1,C.A. 31921,,0.08961515382758917,-0.11988611489111134,0.0,1.0,0.0,0.0,1.0,0.0
639,0,3,"Panula, Mrs. Juha (Maria Emilia Ojala)",0,5,3101295,,0.7784949255069976,0.1506737441786005,1.0,0.0,0.0,0.0,1.0,0.0
640,0,3,"Thorneycroft, Mr. Percival",1,0,376564,,,-0.32425318983493084,0.0,1.0,0.0,0.0,1.0,0.0
641,0,3,"Jensen, Mr. Hans Peder",0,0,350050,,-0.6681525950197601,-0.4902797934380587,0.0,1.0,0.0,0.0,1.0,0.0
642,1,1,"Sagesser, Mlle. Emma",0,0,PC 17477,B35,-0.3926006863479967,0.7469121684912956,1.0,0.0,1.0,0.0,0.0,0.0
643,0,3,"Skoog, Miss. Margit Elizabeth",3,2,347088,,-1.9081361840426954,-0.08666388103324908,1.0,0.0,0.0,0.0,1.0,0.0
644,1,3,"Foo, Mr. Choong",0,0,1601,,,0.48910360681684706,0.0,1.0,0.0,0.0,1.0,0.0
645,1,3,"Baclini, Miss. Eugenie",2,1,2666,,-1.9942461555026214,-0.26066180729354516,1.0,0.0,1.0,0.0,0.0,0.0
646,1,1,"Harper, Mr. Henry Sleeper",1,0,PC 17572,D33,1.2607107656825836,0.8964967865378598,0.0,1.0,1.0,0.0,0.0,0.0
647,0,3,"Cor, Mr. Liudevit",0,0,349231,,-0.7370405721877009,-0.4894421904510968,0.0,1.0,0.0,0.0,1.0,0.0
648,1,1,"Simonius-Blumer, Col. Oberst Alfons",0,0,13213,A26,1.8118145830261103,0.06635974158478332,0.0,1.0,1.0,0.0,0.0,0.0
649,0,3,"Willey, Mr. Edward",0,0,S.O./P.P. 751,,,-0.49640476528021726,0.0,1.0,0.0,0.0,1.0,0.0
650,1,3,"Stanley, Miss. Amy Zillah Elsie",0,0,CA. 2314,,-0.4614886635159376,-0.49640476528021726,1.0,0.0,0.0,0.0,1.0,0.0
651,0,3,"Mitkoff, Mr. Mito",0,0,349221,,,-0.4894421904510968,0.0,1.0,0.0,0.0,1.0,0.0
652,1,2,"Doling, Miss. Elsie",0,1,231919,,-0.8059285493556418,-0.18532384824750675,1.0,0.0,0.0,0.0,1.0,0.0
653,0,3,"Kalvik, Mr. Johannes Halvorsen",0,0,8475,,-0.5992646178518193,-0.47861979608830835,0.0,1.0,0.0,0.0,1.0,0.0
654,1,3,"O'Leary, Miss. Hanora ""Norah""",0,0,330919,,,-0.49078316061772326,1.0,0.0,0.0,1.0,0.0,0.0
655,0,3,"Hegarty, Miss. Hanora ""Nora""",0,0,365226,,-0.8059285493556418,-0.5125125150294839,1.0,0.0,0.0,1.0,0.0,0.0
656,0,2,"Hickman, Mr. Leonard Mark",2,0,S.O.C. 14879,,-0.3926006863479967,0.8314778546749452,0.0,1.0,0.0,0.0,1.0,0.0
657,0,3,"Radeff, Mr. Alexander",0,0,349223,,,-0.4894421904510968,0.0,1.0,0.0,0.0,1.0,0.0
658,0,3,"Bourke, Mrs. John (Catherine)",1,1,364849,,0.15850313099553,-0.3363340021468808,1.0,0.0,0.0,1.0,0.0,0.0
659,0,2,"Eitemiller, Mr. George Floyd",0,0,29751,,-0.4614886635159376,-0.3866707201133388,0.0,1.0,0.0,0.0,1.0,0.0
660,0,1,"Newell, Mr. Arthur Webster",0,2,35273,D48,1.949590537361992,1.6323350375212924,0.0,1.0,1.0,0.0,0.0,0.0
661,1,1,"Frauenthal, Dr. Henry William",2,0,PC 17611,,1.3984867200184652,2.042579288947925,0.0,1.0,0.0,0.0,1.0,0.0
662,0,3,"Badt, Mr. Mohamed",0,0,2623,,0.7096069483390568,-0.5029485386158568,0.0,1.0,1.0,0.0,0.0,0.0
663,0,1,"Colley, Mr. Edward Pomeroy",0,0,5727,E58,1.1918227885146426,-0.13322534515222276,0.0,1.0,0.0,0.0,1.0,0.0
664,0,3,"Coleff, Mr. Peju",0,0,349210,,0.43405503966729336,-0.4974960653257301,0.0,1.0,0.0,0.0,1.0,0.0
665,1,3,"Lindqvist, Mr. Eino William",1,0,STON/O 2. 3101285,,-0.6681525950197601,-0.4888542575852486,0.0,1.0,0.0,0.0,1.0,0.0
666,0,2,"Hickman, Mr. Lewis",2,0,S.O.C. 14879,,0.15850313099553,0.8314778546749452,0.0,1.0,0.0,0.0,1.0,0.0
667,0,2,"Butler, Mr. Reginald Fenton",0,0,234686,,-0.3237127091800559,-0.3866707201133388,0.0,1.0,0.0,0.0,1.0,0.0
668,0,3,"Rommetvedt, Mr. Knud Paust",0,0,312993,,,-0.4918744606632361,0.0,1.0,0.0,0.0,1.0,0.0
669,0,3,"Cook, Mr. Jacob",0,0,A/5 3536,,0.9162708798428792,-0.4863374216869257,0.0,1.0,0.0,0.0,1.0,0.0
670,1,1,"Taylor, Mrs. Elmer Zebley (Juliet Cummins Wright)",1,0,19996,C126,,0.39858208016340624,1.0,0.0,0.0,0.0,1.0,0.0
671,1,2,"Brown, Mrs. Thomas William Solomon (Elizabeth Catherine Ford)",1,1,29750,,0.7096069483390568,0.13683114673782454,1.0,0.0,0.0,0.0,1.0,0.0
672,0,1,"Davidson, Mr. Thornton",1,0,F.C. 12750,B71,0.08961515382758917,0.39858208016340624,0.0,1.0,0.0,0.0,1.0,0.0
673,0,2,"Mitchell, Mr. Henry Michael",0,0,C.A. 24580,,2.776246263377282,-0.43700743807979686,0.0,1.0,0.0,0.0,1.0,0.0
674,1,2,"Wilhelms, Mr. Charles",0,0,244270,,0.08961515382758917,-0.3866707201133388,0.0,1.0,0.0,0.0,1.0,0.0
675,0,2,"Watson, Mr. Ennis Hastings",0,0,239856,,,-0.6484216535389205,0.0,1.0,0.0,0.0,1.0,0.0
676,0,3,"Edvardsson, Mr. Gustaf Hjalmar",0,0,349912,,-0.8059285493556418,-0.4918744606632361,0.0,1.0,0.0,0.0,1.0,0.0
677,0,3,"Sawyer, Mr. Frederick Charles",0,0,342826,,-0.3581566977640263,-0.4863374216869257,0.0,1.0,0.0,0.0,1.0,0.0
678,1,3,"Turja, Miss. Anna Sofia",0,0,4138,,-0.8059285493556418,-0.45026210265472455,1.0,0.0,0.0,0.0,1.0,0.0
679,0,3,"Goodwin, Mrs. Frederick (Augusta Tyler)",1,6,CA 2144,,0.9162708798428792,0.2958951755118318,1.0,0.0,0.0,0.0,1.0,0.0
680,1,1,"Cardeza, Mr. Thomas Drake Martinez",0,1,PC 17755,B51 B53 B55,0.43405503966729336,9.667166525013505,0.0,1.0,1.0,0.0,0.0,0.0
681,0,3,"Peters, Miss. Katie",0,0,330935,,,-0.48457563655809965,1.0,0.0,0.0,1.0,0.0,0.0
682,1,1,"Hassab, Mr. Hammad",0,0,PC 17572,D49,-0.1859367548441742,0.8964967865378598,0.0,1.0,1.0,0.0,0.0,0.0
683,0,3,"Olsvigen, Mr. Thor Anderson",0,0,6563,,-0.6681525950197601,-0.4626791642426904,0.0,1.0,0.0,0.0,1.0,0.0
684,0,3,"Goodwin, Mr. Charles Edward",5,2,CA 2144,,-1.0814804580274051,0.2958951755118318,0.0,1.0,0.0,0.0,1.0,0.0
685,0,2,"Brown, Mr. Thomas William Solomon",1,1,29750,,2.087366491697874,0.13683114673782454,0.0,1.0,0.0,0.0,1.0,0.0
686,0,2,"Laroche, Mr. Joseph Philippe Lemercier",1,2,SC/Paris 2123,,-0.3237127091800559,0.18876253192945994,0.0,1.0,1.0,0.0,0.0,0.0
687,0,3,"Panula, Mr. Jaako Arnold",4,1,3101295,,-1.0814804580274051,0.1506737441786005,0.0,1.0,0.0,0.0,1.0,0.0
688,0,3,"Dakic, Mr. Branko",0,0,349228,,-0.7370405721877009,-0.44363577710162005,0.0,1.0,0.0,0.0,1.0,0.0
689,0,3,"Fischer, Mr. Eberhard Thelander",0,0,350036,,-0.8059285493556418,-0.49145565916975514,0.0,1.0,0.0,0.0,1.0,0.0
690,1,1,"Madill, Miss. Georgette Alexandra",0,1,24160,B5,-1.0125924808594644,3.6067927997556075,1.0,0.0,0.0,0.0,1.0,0.0
691,1,1,"Dick, Mr. Albert Adrian",1,0,17474,B20,0.08961515382758917,0.49925551609632224,0.0,1.0,0.0,0.0,1.0,0.0
692,1,3,"Karun, Miss. Manca",0,1,349256,,-1.7703602297068137,-0.37828059596268965,1.0,0.0,1.0,0.0,0.0,0.0
693,1,3,"Lam, Mr. Ali",0,0,1601,,,0.48910360681684706,0.0,1.0,0.0,0.0,1.0,0.0
694,0,3,"Saad, Mr. Khalil",0,0,2672,,-0.3237127091800559,-0.5029485386158568,0.0,1.0,1.0,0.0,0.0,0.0
695,0,1,"Weir, Col. John",0,0,113800,,2.087366491697874,-0.11384570873513637,0.0,1.0,0.0,0.0,1.0,0.0
696,0,2,"Chapman, Mr. Charles Henry",0,0,248731,,1.5362626743543468,-0.3766033765200472,0.0,1.0,0.0,0.0,1.0,0.0
697,0,3,"Kelly, Mr. James",0,0,363592,,0.9851588570108202,-0.4863374216869257,0.0,1.0,0.0,0.0,1.0,0.0
698,1,3,"Mullens, Miss. Katherine ""Katie""",0,0,35852,,,-0.49271407711891657,1.0,0.0,0.0,1.0,0.0,0.0
699,0,1,"Thayer, Mr. John Borland",1,1,17421,C68,1.3295987428505243,1.5841789061771412,0.0,1.0,1.0,0.0,0.0,0.0
700,0,3,"Humblen, Mr. Adolf Mathias Nicolai Olsen",0,0,348121,F G63,0.8473829026749384,-0.494391296561559,0.0,1.0,0.0,0.0,1.0,0.0
701,1,1,"Astor, Mrs. John Jacob (Madeleine Talmadge Force)",1,0,PC 17757,C62 C64,-0.8059285493556418,3.9327230485884233,1.0,0.0,1.0,0.0,0.0,0.0
702,1,1,"Silverthorne, Mr. Spencer Victor",0,0,PC 17475,E24,0.36516706249935255,-0.11913106412161445,0.0,1.0,0.0,0.0,1.0,0.0
703,0,3,"Barbara, Miss. Saiide",0,1,2691,,-0.8059285493556418,-0.3573908580066095,1.0,0.0,1.0,0.0,0.0,0.0
704,0,3,"Gallagher, Mr. Martin",0,0,36864,,-0.3237127091800559,-0.4925449457465493,0.0,1.0,0.0,1.0,0.0,0.0
705,0,3,"Hansen, Mr. Henrik Juul",1,0,350025,,-0.25482473201211503,-0.4902797934380587,0.0,1.0,0.0,0.0,1.0,0.0
706,0,2,"Morley, Mr. Henry Samuel (""Mr Henry Marshall"")",0,0,250655,,0.6407189711711159,-0.12491978668775715,0.0,1.0,0.0,0.0,1.0,0.0
707,1,2,"Kelly, Mrs. Florence ""Fannie""",0,0,223596,,1.054046834178761,-0.3766033765200472,1.0,0.0,0.0,0.0,1.0,0.0
708,1,1,"Calderhead, Mr. Edward Pennington",0,0,PC 17476,E24,0.8473829026749384,-0.11913106412161445,0.0,1.0,0.0,0.0,1.0,0.0
709,1,1,"Cleaver, Miss. Alice",0,0,113781,,-0.5303766406838785,2.4029901895877646,1.0,0.0,0.0,0.0,1.0,0.0
710,1,3,"Moubarek, Master. Halim Gonios (""William George"")",1,1,2661,,,-0.3414522396297103,0.0,1.0,1.0,0.0,0.0,0.0
711,1,1,"Mayne, Mlle. Berthe Antonine (""Mrs de Villiers"")",0,0,PC 17482,C90,-0.3926006863479967,0.3483299278831318,1.0,0.0,1.0,0.0,0.0,0.0
712,0,1,"Klaber, Mr. Herman",0,0,113028,C124,,-0.11384570873513637,0.0,1.0,0.0,0.0,1.0,0.0
713,1,1,"Taylor, Mr. Elmer Zebley",1,0,19996,C126,1.2607107656825836,0.39858208016340624,0.0,1.0,0.0,0.0,1.0,0.0
714,0,3,"Larsson, Mr. August Viktor",0,0,7545,,-0.04816080050829252,-0.457478374542396,0.0,1.0,0.0,0.0,1.0,0.0
715,0,2,"Greenberg, Mr. Samuel",0,0,250647,,1.5362626743543468,-0.3866707201133388,0.0,1.0,0.0,0.0,1.0,0.0
716,0,3,"Soholt, Mr. Peter Andreas Lauritz Andersen",0,0,348124,F G73,-0.7370405721877009,-0.494391296561559,0.0,1.0,0.0,0.0,1.0,0.0
717,1,1,"Endres, Miss. Caroline Louise",0,0,PC 17757,C45,0.571830994003175,3.9327230485884233,1.0,0.0,1.0,0.0,0.0,0.0
718,1,2,"Troutt, Miss. Edwina Celia ""Winnie""",0,0,34218,E101,-0.1859367548441742,-0.43700743807979686,1.0,0.0,0.0,0.0,1.0,0.0
719,0,3,"McEvoy, Mr. Michael",0,0,36568,,,-0.3363340021468808,0.0,1.0,0.0,1.0,0.0,0.0
720,0,3,"Johnson, Mr. Malkolm Joackim",0,0,347062,,0.22739110816347086,-0.4918744606632361,0.0,1.0,0.0,0.0,1.0,0.0
721,1,2,"Harper, Miss. Annie Jessie ""Nina""",0,1,248727,,-1.6325842753709319,0.016023023618325298,1.0,0.0,0.0,0.0,1.0,0.0
722,0,3,"Jensen, Mr. Svend Lauritz",1,0,350048,,-0.8748165265235827,-0.5063875431873253,0.0,1.0,0.0,0.0,1.0,0.0
723,0,2,"Gillespie, Mr. William Henry",0,0,12233,,0.2962790853314117,-0.3866707201133388,0.0,1.0,0.0,0.0,1.0,0.0
724,0,2,"Hodges, Mr. Henry Price",0,0,250643,,1.3984867200184652,-0.3866707201133388,0.0,1.0,0.0,0.0,1.0,0.0
725,1,1,"Chambers, Mr. Norman Campbell",1,0,113806,E8,-0.1859367548441742,0.4207302360686478,0.0,1.0,0.0,0.0,1.0,0.0
726,0,3,"Oreskovic, Mr. Luka",0,0,315094,,-0.6681525950197601,-0.47400492578514347,0.0,1.0,0.0,0.0,1.0,0.0
727,1,2,"Renouf, Mrs. Peter Henry (Lillian Jefferys)",3,0,31027,,0.020727176659648322,-0.22559322262067316,1.0,0.0,0.0,0.0,1.0,0.0
728,1,3,"Mannion, Miss. Margareth",0,0,36866,,,-0.4926295114327329,1.0,0.0,0.0,1.0,0.0,0.0
729,0,2,"Bryhl, Mr. Kurt Arnold Gottfrid",1,0,236853,,-0.3237127091800559,-0.12491978668775715,0.0,1.0,0.0,0.0,1.0,0.0
730,0,3,"Ilmakangas, Miss. Pieta Sofia",1,0,STON/O2. 3101271,,-0.3237127091800559,-0.4888542575852486,1.0,0.0,0.0,0.0,1.0,0.0
731,1,1,"Allen, Miss. Elisabeth Walton",0,0,24160,B5,-0.04816080050829252,3.6067927997556075,1.0,0.0,0.0,0.0,1.0,0.0
732,0,3,"Hassan, Mr. Houssein G N",0,0,2699,,-1.2881443895312277,-0.2701412180209885,0.0,1.0,1.0,0.0,0.0,0.0
733,0,2,"Knight, Mr. Robert J",0,0,239855,,,-0.6484216535389205,0.0,1.0,0.0,0.0,1.0,0.0
734,0,2,"Berriman, Mr. William John",0,0,28425,,-0.4614886635159376,-0.3866707201133388,0.0,1.0,0.0,0.0,1.0,0.0
735,0,2,"Troupiansky, Mr. Moses Aaron",0,0,233639,,-0.4614886635159376,-0.3866707201133388,0.0,1.0,0.0,0.0,1.0,0.0
736,0,3,"Williams, Mr. Leslie",0,0,54636,,-0.08260478909226295,-0.32425318983493084,0.0,1.0,0.0,0.0,1.0,0.0
737,0,3,"Ford, Mrs. Edward (Margaret Ann Watson)",1,3,W./C. 6608,,1.2607107656825836,0.04370821849987721,1.0,0.0,0.0,0.0,1.0,0.0
738,1,1,"Lesurer, Mr. Gustave J",0,0,PC 17755,B101,0.36516706249935255,9.667166525013505,0.0,1.0,1.0,0.0,0.0,0.0
739,0,3,"Ivanoff, Mr. Kanio",0,0,349201,,,-0.4894421904510968,0.0,1.0,0.0,0.0,1.0,0.0
740,0,3,"Nankoff, Mr. Minko",0,0,349218,,,-0.4894421904510968,0.0,1.0,0.0,0.0,1.0,0.0
741,1,1,"Hawksford, Mr. Walter James",0,0,16988,D45,,-0.04438103794142432,0.0,1.0,0.0,0.0,1.0,0.0
742,0,1,"Cavendish, Mr. Tyrell William",1,0,19877,C46,0.43405503966729336,0.9391984311231651,0.0,1.0,0.0,0.0,1.0,0.0
743,1,1,"Ryerson, Miss. Susan Parker ""Suzette""",2,2,PC 17608,B57 B59 B63 B66,-0.5992646178518193,4.634416897040849,1.0,0.0,1.0,0.0,0.0,0.0
744,0,3,"McNamee, Mr. Neal",1,0,376566,,-0.3926006863479967,-0.32425318983493084,0.0,1.0,0.0,0.0,1.0,0.0
745,1,3,"Stranden, Mr. Juho",0,0,STON/O 2. 3101288,,0.08961515382758917,-0.4888542575852486,0.0,1.0,0.0,0.0,1.0,0.0
746,0,1,"Crosby, Capt. Edward Gifford",1,1,WE/P 5735,B22,2.776246263377282,0.7811411367084872,0.0,1.0,0.0,0.0,1.0,0.0
747,0,3,"Abbott, Mr. Rossmore Edward",1,1,C.A. 2673,,-0.9437045036915235,-0.24069423801061057,0.0,1.0,0.0,0.0,1.0,0.0
748,1,2,"Sinkkonen, Miss. Anna",0,0,250648,,0.020727176659648322,-0.3866707201133388,1.0,0.0,0.0,0.0,1.0,0.0
749,0,1,"Marvin, Mr. Daniel Warner",1,0,113773,D30,-0.7370405721877009,0.4207302360686478,0.0,1.0,0.0,0.0,1.0,0.0
750,0,3,"Connaghton, Mr. Michael",0,0,335097,,0.08961515382758917,-0.49237782784290063,0.0,1.0,0.0,1.0,0.0,0.0
751,1,2,"Wells, Miss. Joan",1,1,29103,,-1.7703602297068137,-0.18532384824750675,1.0,0.0,0.0,0.0,1.0,0.0
752,1,3,"Moor, Master. Meier",0,1,392096,E121,-1.6325842753709319,-0.397241430886295,0.0,1.0,0.0,0.0,1.0,0.0
753,0,3,"Vande Velde, Mr. Johannes Joseph",0,0,345780,,0.22739110816347086,-0.45714212526638004,0.0,1.0,0.0,0.0,1.0,0.0
754,0,3,"Jonkoff, Mr. Lalio",0,0,349204,,-0.4614886635159376,-0.4894421904510968,0.0,1.0,0.0,0.0,1.0,0.0
755,1,2,"Herman, Mrs. Samuel (Jane Laver)",1,2,220845,,1.2607107656825836,0.6603330135889879,1.0,0.0,0.0,0.0,1.0,0.0
756,1,2,"Hamalainen, Master. Viljo",1,1,250649,,-1.9997571936760565,-0.35646868933346404,0.0,1.0,0.0,0.0,1.0,0.0
757,0,3,"Carlsson, Mr. August Sigfrid",0,0,350042,,-0.11704877767623337,-0.49145565916975514,0.0,1.0,0.0,0.0,1.0,0.0
758,0,2,"Bailey, Mr. Percy Andrew",0,0,29108,,-0.8059285493556418,-0.41687275089321363,0.0,1.0,0.0,0.0,1.0,0.0
759,0,3,"Theobald, Mr. Thomas Leonard",0,0,363294,,0.2962790853314117,-0.4863374216869257,0.0,1.0,0.0,0.0,1.0,0.0
760,1,1,"Rothes, the Countess. of (Lucy Noel Martha Dyer-Edwards)",0,0,110152,B77,0.22739110816347086,1.093228788100527,1.0,0.0,0.0,0.0,1.0,0.0
761,0,3,"Garfirth, Mr. John",0,0,358585,,,-0.35646868933346404,0.0,1.0,0.0,0.0,1.0,0.0
762,0,3,"Nirva, Mr. Iisakki Antino Aijo",0,0,SOTON/O2 3101272,,0.7784949255069976,-0.5049620073345151,0.0,1.0,0.0,0.0,1.0,0.0
763,1,3,"Barah, Mr. Hanna Assi",0,0,2663,,-0.6681525950197601,-0.5028639729296732,0.0,1.0,1.0,0.0,0.0,0.0
764,1,1,"Carter, Mrs. William Ernest (Lucile Polk)",1,2,113760,B96 B98,0.43405503966729336,1.7677408088510642,1.0,0.0,0.0,0.0,1.0,0.0
765,0,3,"Eklund, Mr. Hans Linus",0,0,347074,,-0.9437045036915235,-0.4918744606632361,0.0,1.0,0.0,0.0,1.0,0.0
766,1,1,"Hogeboom, Mrs. John C (Anna Andrews)",1,0,13502,D11,1.4673746971864061,0.921244330558889,1.0,0.0,0.0,0.0,1.0,0.0
767,0,1,"Brewe, Dr. Arthur Jackson",0,0,112379,,,0.1489119590497745,0.0,1.0,1.0,0.0,0.0,0.0
768,0,3,"Mangan, Miss. Mary",0,0,364850,,0.055171165243618744,-0.49237782784290063,1.0,0.0,0.0,1.0,0.0,0.0
769,0,3,"Moran, Mr. Daniel J",1,0,371110,,,-0.1621689579829361,0.0,1.0,0.0,1.0,0.0,0.0
770,0,3,"Gronnestad, Mr. Daniel Danielsen",0,0,8471,,0.15850313099553,-0.4800453319411184,0.0,1.0,0.0,0.0,1.0,0.0
771,0,3,"Lievens, Mr. Rene Aime",0,0,345781,,-0.3926006863479967,-0.45714212526638004,0.0,1.0,0.0,0.0,1.0,0.0
772,0,3,"Jensen, Mr. Niels Peder",0,0,350047,,1.2607107656825836,-0.4902797934380587,0.0,1.0,0.0,0.0,1.0,0.0
773,0,2,"Mack, Mrs. (Mary)",0,0,S.O./P.P. 3,E77,1.880702560194051,-0.43700743807979686,1.0,0.0,0.0,0.0,1.0,0.0
774,0,3,"Elias, Mr. Dibo",0,0,2674,,,-0.5029485386158568,0.0,1.0,1.0,0.0,0.0,0.0
775,1,2,"Hocking, Mrs. Elizabeth (Eliza Needs)",1,3,29105,,1.6740386286902287,-0.18532384824750675,1.0,0.0,0.0,0.0,1.0,0.0
776,0,3,"Myhrman, Mr. Pehr Fabian Oliver Malkolm",0,0,347078,,-0.8059285493556418,-0.49237782784290063,0.0,1.0,0.0,0.0,1.0,0.0
777,0,3,"Tobin, Mr. Roger",0,0,383121,F38,,-0.49237782784290063,0.0,1.0,0.0,1.0,0.0,0.0
778,1,3,"Emanuel, Miss. Virginia Ethel",0,0,364516,,-1.7014722525388728,-0.397241430886295,1.0,0.0,0.0,0.0,1.0,0.0
779,0,3,"Kilgannon, Mr. Thomas J",0,0,36865,,,-0.4926295114327329,0.0,1.0,0.0,1.0,0.0,0.0
780,1,1,"Robert, Mrs. Edward Scott (Elisabeth Walton McMillan)",0,1,24160,B3,0.9162708798428792,3.6067927997556075,1.0,0.0,0.0,0.0,1.0,0.0
781,1,3,"Ayoub, Miss. Banoura",0,0,2687,,-1.150368435195346,-0.5028639729296732,1.0,0.0,1.0,0.0,0.0,0.0
782,1,1,"Dick, Mrs. Albert Adrian (Vera Gillespie)",1,0,17474,B20,-0.8748165265235827,0.49925551609632224,1.0,0.0,0.0,0.0,1.0,0.0
783,0,1,"Long, Mr. Milton Clyde",0,0,113501,D6,-0.04816080050829252,-0.04438103794142432,0.0,1.0,0.0,0.0,1.0,0.0
784,0,3,"Johnston, Mr. Andrew G",1,2,W./C. 6607,,,-0.17626323901354432,0.0,1.0,0.0,0.0,1.0,0.0
785,0,3,"Ali, Mr. William",0,0,SOTON/O.Q. 3101312,,-0.3237127091800559,-0.5064721088735089,0.0,1.0,0.0,0.0,1.0,0.0
786,0,3,"Harmer, Mr. Abraham (David Lishin)",0,0,374887,,-0.3237127091800559,-0.5024451714361923,0.0,1.0,0.0,0.0,1.0,0.0
787,1,3,"Sjoblom, Miss. Anna Sofia",0,0,3101265,,-0.8059285493556418,-0.4974960653257301,1.0,0.0,0.0,0.0,1.0,0.0
788,0,3,"Rice, Master. George Hugh",4,1,382652,,-1.4948083210350502,-0.06199888922968463,0.0,1.0,0.0,1.0,0.0,0.0
789,1,3,"Dean, Master. Bertram Vere",1,2,C.A. 2315,,-1.977024161210636,-0.23415046467497105,0.0,1.0,0.0,0.0,1.0,0.0
790,0,1,"Guggenheim, Mr. Benjamin",0,0,PC 17593,B82 B84,1.122934811346702,0.9462455716384695,0.0,1.0,1.0,0.0,0.0,0.0
791,0,3,"Keane, Mr. Andrew ""Andy""",0,0,12460,,,-0.49237782784290063,0.0,1.0,0.0,1.0,0.0,0.0
792,0,2,"Gaskell, Mr. Alfred",0,0,239865,,-0.9437045036915235,-0.12491978668775715,0.0,1.0,0.0,0.0,1.0,0.0
793,0,3,"Sage, Miss. Stella Anna",8,2,CA. 2343,,,0.7519458402879414,1.0,0.0,0.0,0.0,1.0,0.0
794,0,1,"Hoyt, Mr. William Fisher",0,0,PC 17600,,,-0.030371322596999754,0.0,1.0,1.0,0.0,0.0,0.0
795,0,3,"Dantcheff, Mr. Ristiu",0,0,349203,,-0.3237127091800559,-0.4894421904510968,0.0,1.0,0.0,0.0,1.0,0.0
796,0,2,"Otter, Mr. Richard",0,0,28213,,0.6407189711711159,-0.3866707201133388,0.0,1.0,0.0,0.0,1.0,0.0
797,1,1,"Leader, Dr. Alice (Farnham)",0,0,17465,D17,1.3295987428505243,-0.1263453225405672,1.0,0.0,0.0,0.0,1.0,0.0
798,1,3,"Osman, Mrs. Mara",0,0,349244,,0.08961515382758917,-0.4735861242916626,1.0,0.0,0.0,0.0,1.0,0.0
799,0,3,"Ibrahim Shawah, Mr. Yousseff",0,0,2685,,0.020727176659648322,-0.5028639729296732,0.0,1.0,1.0,0.0,0.0,0.0
800,0,3,"Van Impe, Mrs. Jean Baptiste (Rosalie Paula Govaert)",1,1,345773,,0.020727176659648322,-0.1621689579829361,1.0,0.0,0.0,0.0,1.0,0.0
801,0,2,"Ponesell, Mr. Martin",0,0,250647,,0.2962790853314117,-0.3866707201133388,0.0,1.0,0.0,0.0,1.0,0.0
802,1,2,"Collyer, Mrs. Harvey (Charlotte Annie Tate)",1,1,C.A. 31921,,0.08961515382758917,-0.11988611489111134,1.0,0.0,0.0,0.0,1.0,0.0
803,1,1,"Carter, Master. William Thornton II",1,2,113760,B96 B98,-1.2881443895312277,1.7677408088510642,0.0,1.0,0.0,0.0,1.0,0.0
804,1,3,"Thomas, Master. Assad Alexander",0,1,2625,,-2.0169791879680417,-0.47694056317694733,0.0,1.0,1.0,0.0,0.0,0.0
805,1,3,"Hedman, Mr. Oskar Arvid",0,0,347089,,-0.1859367548441742,-0.5079822104125026,0.0,1.0,0.0,0.0,1.0,0.0
806,0,3,"Johansson, Mr. Karl Johan",0,0,347063,,0.08961515382758917,-0.4918744606632361,0.0,1.0,0.0,0.0,1.0,0.0
807,0,1,"Andrews, Mr. Thomas Jr",0,0,112050,A36,0.6407189711711159,-0.6484216535389205,0.0,1.0,0.0,0.0,1.0,0.0
808,0,3,"Pettersson, Miss. Ellen Natalia",0,0,347087,,-0.8059285493556418,-0.4918744606632361,1.0,0.0,0.0,0.0,1.0,0.0
809,0,2,"Meyer, Mr. August",0,0,248723,,0.6407189711711159,-0.3866707201133388,0.0,1.0,0.0,0.0,1.0,0.0
810,1,1,"Chambers, Mrs. Norman Campbell (Bertha Griggs)",1,0,113806,E8,0.22739110816347086,0.4207302360686478,1.0,0.0,0.0,0.0,1.0,0.0
811,0,3,"Alexander, Mr. William",0,0,3474,,-0.25482473201211503,-0.4896093083547455,0.0,1.0,0.0,0.0,1.0,0.0
812,0,3,"Lester, Mr. James",0,0,A/4 48871,,0.6407189711711159,-0.1621689579829361,0.0,1.0,0.0,0.0,1.0,0.0
813,0,2,"Slemen, Mr. Richard James",0,0,28206,,0.36516706249935255,-0.43700743807979686,0.0,1.0,0.0,0.0,1.0,0.0
814,0,3,"Andersson, Miss. Ebba Iris Alfrida",4,2,347082,,-1.6325842753709319,-0.01870931177853076,1.0,0.0,0.0,0.0,1.0,0.0
815,0,3,"Tomlin, Mr. Ernest Portage",0,0,364499,,0.055171165243618744,-0.4863374216869257,0.0,1.0,0.0,0.0,1.0,0.0
816,0,1,"Fry, Mr. Richard",0,0,112058,B102,,-0.6484216535389205,0.0,1.0,0.0,0.0,1.0,0.0
817,0,3,"Heininen, Miss. Wendla Maria",0,0,STON/O2. 3101290,,-0.4614886635159376,-0.4888542575852486,1.0,0.0,0.0,0.0,1.0,0.0
818,0,2,"Mallet, Mr. Albert",1,1,S.C./PARIS 2079,,0.08961515382758917,0.09664633805084172,0.0,1.0,1.0,0.0,0.0,0.0
819,0,3,"Holm, Mr. John Fredrik Alexander",0,0,C 7075,,0.9162708798428792,-0.5185529211854588,0.0,1.0,0.0,0.0,1.0,0.0
820,0,3,"Skoog, Master. Karl Thorsten",3,2,347088,,-1.3570323666991686,-0.08666388103324908,0.0,1.0,0.0,0.0,1.0,0.0
821,1,1,"Hays, Mrs. Charles Melville (Clara Jennings Gregg)",1,1,12749,B69,1.5362626743543468,1.2341715984066093,1.0,0.0,0.0,0.0,1.0,0.0
822,1,3,"Lulic, Mr. Nikola",0,0,315098,,-0.1859367548441742,-0.47400492578514347,0.0,1.0,0.0,0.0,1.0,0.0
823,0,1,"Reuchlin, Jonkheer. John George",0,0,19972,,0.571830994003175,-0.6484216535389205,0.0,1.0,0.0,0.0,1.0,0.0
824,1,3,"Moor, Mrs. (Beila)",0,1,392096,E121,-0.1859367548441742,-0.397241430886295,1.0,0.0,0.0,0.0,1.0,0.0
825,0,3,"Panula, Master. Urho Abraham",4,1,3101295,,-1.9081361840426954,0.1506737441786005,0.0,1.0,0.0,0.0,1.0,0.0
826,0,3,"Flynn, Mr. John",0,0,368323,,,-0.5084855775921673,0.0,1.0,0.0,1.0,0.0,0.0
827,0,3,"Lam, Mr. Len",0,0,1601,,,0.48910360681684706,0.0,1.0,0.0,0.0,1.0,0.0
828,1,2,"Mallet, Master. Andre",0,2,S.C./PARIS 2079,,-1.977024161210636,0.09664633805084172,0.0,1.0,1.0,0.0,0.0,0.0
829,1,3,"McCormack, Mr. Thomas Joseph",0,0,367228,,,-0.49237782784290063,0.0,1.0,0.0,1.0,0.0,0.0
830,1,1,"Stone, Mrs. George Nelson (Martha Evelyn)",0,0,113572,B28,2.225142446033755,0.962353321387736,1.0,0.0,0.0,0.0,0.0,1.0
831,1,3,"Yasbeck, Mrs. Antoni (Selini Alexander)",1,0,2659,,-1.0125924808594644,-0.3573908580066095,1.0,0.0,1.0,0.0,0.0,0.0
832,1,2,"Richards, Master. George Sibley",1,1,29106,,-1.9887351173291863,-0.2708962687904854,0.0,1.0,0.0,0.0,1.0,0.0
833,0,3,"Saad, Mr. Amin",0,0,2671,,,-0.5028639729296732,0.0,1.0,1.0,0.0,0.0,0.0
834,0,3,"Augustsson, Mr. Albert",0,0,347468,,-0.4614886635159376,-0.4902797934380587,0.0,1.0,0.0,0.0,1.0,0.0
835,0,3,"Allum, Mr. Owen George",0,0,2223,,-0.8059285493556418,-0.48130374989027985,0.0,1.0,0.0,0.0,1.0,0.0
836,1,1,"Compton, Miss. Sara Rebecca",1,1,PC 17756,E49,0.6407189711711159,1.0259447039291216,1.0,0.0,1.0,0.0,0.0,0.0
837,0,3,"Pasic, Mr. Jakob",0,0,315097,,-0.5992646178518193,-0.47400492578514347,0.0,1.0,0.0,0.0,1.0,0.0
838,0,3,"Sirota, Mr. Maurice",0,0,392092,,,-0.4863374216869257,0.0,1.0,0.0,0.0,1.0,0.0
839,1,3,"Chip, Mr. Chang",0,0,1601,,0.15850313099553,0.48910360681684706,0.0,1.0,0.0,0.0,1.0,0.0
840,1,1,"Marechal, Mr. Pierre",0,0,11774,C47,,-0.05042144409739929,0.0,1.0,1.0,0.0,0.0,0.0
841,0,3,"Alhomaki, Mr. Ilmari Rudolf",0,0,SOTON/O2 3101287,,-0.6681525950197601,-0.4888542575852486,0.0,1.0,0.0,0.0,1.0,0.0
842,0,2,"Mudd, Mr. Thomas Charles",0,0,S.O./P.P. 3,,-0.9437045036915235,-0.43700743807979686,0.0,1.0,0.0,0.0,1.0,0.0
843,1,1,"Serepeca, Miss. Augusta",0,0,113798,,0.020727176659648322,-0.024246350754841113,1.0,0.0,1.0,0.0,0.0,0.0
844,0,3,"Lemberopolous, Mr. Peter L",0,0,2683,,0.33072307391538214,-0.5188046047752911,0.0,1.0,1.0,0.0,0.0,0.0
845,0,3,"Culumovic, Mr. Jeso",0,0,315090,,-0.8748165265235827,-0.47400492578514347,0.0,1.0,0.0,0.0,1.0,0.0
846,0,3,"Abbing, Mr. Anthony",0,0,C.A. 5547,,0.8473829026749384,-0.49640476528021726,0.0,1.0,0.0,0.0,1.0,0.0
847,0,3,"Sage, Mr. Douglas Bullen",8,2,CA. 2343,,,0.7519458402879414,0.0,1.0,0.0,0.0,1.0,0.0
848,0,3,"Markoff, Mr. Marin",0,0,349213,,0.36516706249935255,-0.4894421904510968,0.0,1.0,1.0,0.0,0.0,0.0
849,0,2,"Harper, Rev. John",0,1,248727,,-0.11704877767623337,0.016023023618325298,0.0,1.0,0.0,0.0,1.0,0.0
850,1,1,"Goldenberg, Mrs. Samuel L (Edwiga Grabowska)",1,0,17453,C92,,1.145663540471827,1.0,0.0,1.0,0.0,0.0,0.0
851,0,3,"Andersson, Master. Sigvard Harald Elias",4,2,347082,,-1.7703602297068137,-0.01870931177853076,0.0,1.0,0.0,0.0,1.0,0.0
852,0,3,"Svensson, Mr. Johan",0,0,347060,,3.0517981720490455,-0.4918744606632361,0.0,1.0,0.0,0.0,1.0,0.0
853,0,3,"Boulos, Miss. Nourelain",1,1,2678,,-1.4259203438671093,-0.3414522396297103,1.0,0.0,1.0,0.0,0.0,0.0
854,1,1,"Lines, Miss. Mary Conover",0,1,PC 17592,D28,-0.9437045036915235,0.14488502161245778,1.0,0.0,0.0,0.0,1.0,0.0
855,0,2,"Carter, Mrs. Ernest Courtenay (Lilian Hughes)",1,0,244252,,0.9851588570108202,-0.12491978668775715,1.0,0.0,0.0,0.0,1.0,0.0
856,1,3,"Aks, Mrs. Sam (Leah Rosen)",0,1,392091,,-0.8059285493556418,-0.4601623283443675,1.0,0.0,0.0,0.0,1.0,0.0
857,1,1,"Wick, Mrs. George Dennick (Mary Hitchcock)",1,1,36928,,1.054046834178761,2.671117778445337,1.0,0.0,0.0,0.0,1.0,0.0
858,1,1,"Daly, Mr. Peter Denis ",0,0,113055,E17,1.4673746971864061,-0.11384570873513637,0.0,1.0,0.0,0.0,1.0,0.0
859,1,3,"Baclini, Mrs. Solomon (Latifa Qurban)",0,3,2666,,-0.3926006863479967,-0.26066180729354516,1.0,0.0,1.0,0.0,0.0,0.0
860,0,3,"Razi, Mr. Raihed",0,0,2629,,,-0.5028639729296732,0.0,1.0,1.0,0.0,0.0,0.0
861,0,3,"Hansen, Mr. Claus Peter",2,0,350026,,0.7784949255069976,-0.36435544630444866,0.0,1.0,0.0,0.0,1.0,0.0
862,0,2,"Giles, Mr. Frederick Edward",1,0,28134,,-0.5992646178518193,-0.41687275089321363,0.0,1.0,0.0,0.0,1.0,0.0
863,1,1,"Swift, Mrs. Frederick Joel (Margaret Welles Barron)",0,0,17466,D17,1.2607107656825836,-0.1263453225405672,1.0,0.0,0.0,0.0,1.0,0.0
864,0,3,"Sage, Miss. Dorothy Edith ""Dolly""",8,2,CA. 2343,,,0.7519458402879414,1.0,0.0,0.0,0.0,1.0,0.0
865,0,2,"Gill, Mr. John William",0,0,233866,,-0.3926006863479967,-0.3866707201133388,0.0,1.0,0.0,0.0,1.0,0.0
866,1,2,"Bystrom, Mrs. (Karolina)",0,0,236852,,0.8473829026749384,-0.3866707201133388,1.0,0.0,0.0,0.0,1.0,0.0
867,1,2,"Duran y More, Miss. Asuncion",1,0,SC/PARIS 2149,,-0.1859367548441742,-0.3693891181010945,1.0,0.0,1.0,0.0,0.0,0.0
868,0,1,"Roebling, Mr. Washington Augustus II",0,0,PC 17590,A24,0.08961515382758917,0.3682954836973478,0.0,1.0,0.0,0.0,1.0,0.0
869,0,3,"van Melkebeke, Mr. Philemon",0,0,345777,,,-0.45714212526638004,0.0,1.0,0.0,0.0,1.0,0.0
870,1,3,"Johnson, Master. Harold Theodor",1,1,347742,,-1.7703602297068137,-0.4242561406845337,0.0,1.0,0.0,0.0,1.0,0.0
871,0,3,"Balkic, Mr. Cerin",0,0,349248,,-0.25482473201211503,-0.4894421904510968,0.0,1.0,0.0,0.0,1.0,0.0
872,1,1,"Beckwith, Mrs. Richard Leonard (Sallie Monypeny)",1,1,11751,D35,1.1918227885146426,0.40974072380221066,1.0,0.0,0.0,0.0,1.0,0.0
873,0,1,"Carlsson, Mr. Frans Olof",0,0,695,B51 B53 B55,0.22739110816347086,-0.5477482176060045,0.0,1.0,0.0,0.0,1.0,0.0
874,0,3,"Vander Cruyssen, Mr. Victor",0,0,345765,,1.1918227885146426,-0.46720946885967163,0.0,1.0,0.0,0.0,1.0,0.0
875,1,2,"Abelson, Mrs. Samuel (Hannah Wizosky)",1,0,P/PP 3381,,-0.11704877767623337,-0.16518916106092355,1.0,0.0,1.0,0.0,0.0,0.0
876,1,3,"Najib, Miss. Adele Kiamie ""Jane""",0,0,2667,,-1.0125924808594644,-0.5029485386158568,1.0,0.0,1.0,0.0,0.0,0.0
877,0,3,"Gustafsson, Mr. Alfred Ossian",0,0,7534,,-0.6681525950197601,-0.45017955043725955,0.0,1.0,0.0,0.0,1.0,0.0
878,0,3,"Petroff, Mr. Nedelio",0,0,349212,,-0.7370405721877009,-0.4894421904510968,0.0,1.0,0.0,0.0,1.0,0.0
879,0,3,"Laleff, Mr. Kristo",0,0,349217,,,-0.4894421904510968,0.0,1.0,0.0,0.0,1.0,0.0
880,1,1,"Potter, Mrs. Thomas Jr (Lily Alexenia Wilson)",0,1,11767,C50,1.8118145830261103,1.0259447039291216,1.0,0.0,1.0,0.0,0.0,0.0
881,1,2,"Shelley, Mrs. William (Imanita Parrish Hall)",0,1,230433,,-0.3237127091800559,-0.12491978668775715,1.0,0.0,0.0,0.0,1.0,0.0
882,0,3,"Markun, Mr. Johann",0,0,349257,,0.22739110816347086,-0.4894421904510968,0.0,1.0,0.0,0.0,1.0,0.0
883,0,3,"Dahlberg, Miss. Gerda Ulrika",0,0,7552,,-0.5303766406838785,-0.4366711888037809,1.0,0.0,0.0,0.0,1.0,0.0
884,0,2,"Banfield, Mr. Frederick James",0,0,C.A./SOTON 34068,,-0.11704877767623337,-0.43700743807979686,0.0,1.0,0.0,0.0,1.0,0.0
885,0,3,"Sutehall, Mr. Henry Jr",0,0,SOTON/OQ 392076,,-0.3237127091800559,-0.5064721088735089,0.0,1.0,0.0,0.0,1.0,0.0
886,0,3,"Rice, Mrs. William (Margaret Norton)",0,5,382652,,0.6407189711711159,-0.06199888922968463,1.0,0.0,0.0,1.0,0.0,0.0
887,0,2,"Montvila, Rev. Juozas",0,0,211536,,-0.1859367548441742,-0.3866707201133388,0.0,1.0,0.0,0.0,1.0,0.0
888,1,1,"Graham, Miss. Margaret Edith",0,0,112053,B42,-0.7370405721877009,-0.04438103794142432,1.0,0.0,0.0,0.0,1.0,0.0
889,0,3,"Johnston, Miss. Catherine Helen ""Carrie""",1,2,W./C. 6607,,,-0.17626323901354432,1.0,0.0,0.0,0.0,1.0,0.0
890,1,1,"Behr, Mr. Karl Howell",0,0,111369,C148,-0.25482473201211503,-0.04438103794142432,0.0,1.0,1.0,0.0,0.0,0.0
891,0,3,"Dooley, Mr. Patrick",0,0,370376,,0.15850313099553,-0.49237782784290063,0.0,1.0,0.0,1.0,0.0,0.0
